Directory,Status,Duration,SUs,Failure Reason,Vol Error (AF),Vol Error (%),Max WSEL Err,Start Time,End Time,Failure Info,Max WSE (ft),Max Depth (ft),Max Velocity (ft/s),Max Volume (ft^3),Max Flow Balance (ft^3/s),Max Wind (ft/s),Mean BC (ft),Max BC (ft)
S0125,Success,4h 45m 50s,15,,11914.0,0.2473,0.18,Jul 21 02:10,Jul 21 06:56,,327.66,6.08,,,,143.95,0.64,8.24
S0127,Success,6h 6m 19s,21,,11827.0,0.2092,0.18,Jul 21 02:09,Jul 21 08:16,,327.66,7.8,,,,89.33,0.75,8.24
S0126,Success,6h 57m 57s,21,,12885.0,0.1828,1.87,Jul 21 02:10,Jul 21 09:08,,327.66,17.12,,,,86.59,1.39,8.72
S0116,Success,7h 29m 44s,24,,26012.0,0.3589,1.54,Jul 21 02:10,Jul 21 09:40,,327.66,20.35,,,,134.14,1.6,8.72
S0120,Success,5h 49m 33s,18,,13490.0,0.2555,0.07,Jul 21 02:10,Jul 21 07:59,,327.66,5.84,,,,46.98,0.45,8.24
S0119,Success,6h 21m 46s,21,,15188.0,0.281,0.18,Jul 21 02:11,Jul 21 08:33,,327.66,5.57,,,,87.35,0.43,8.24
S0113,Success,6h 15m 0s,21,,18697.0,0.3184,0.11,Jul 21 02:11,Jul 21 08:26,,327.66,6.28,,,,202.52,0.34,8.24
S0118,Success,8h 34m 29s,27,,22199.0,0.2934,2.46,Jul 21 02:15,Jul 21 10:50,,327.66,14.13,,,,90.5,0.58,11.55
S0128,Success,8h 35m 5s,27,,17669.0,0.3093,0.11,Jul 21 02:13,Jul 21 10:48,,327.66,7.14,,,,42.01,0.4,8.24
S0121,Success,8h 42m 33s,27,,80692.0,1.14,1.18,Jul 21 02:15,Jul 21 10:57,,327.66,10.97,,,,226.93,0.62,8.24
S0124,Success,7h 29m 11s,24,,23435.0,0.3513,0.13,Jul 21 02:14,Jul 21 09:43,,327.66,5.83,,,,140.6,0.38,8.24
S0123,Success,8h 32m 34s,27,,73972.0,0.9752,2.58,Jul 21 02:16,Jul 21 10:48,,327.66,14.13,,,,188.02,0.58,11.55
S0122,Success,9h 15m 23s,30,,50076.0,0.6606,2.41,Jul 21 02:17,Jul 21 11:32,,327.66,14.13,,,,176.2,0.58,11.55
S0117,Success,6h 48m 7s,21,,17745.0,0.291,0.11,Jul 21 02:12,Jul 21 09:00,,327.66,5.7,,,,138.78,0.35,8.24
S0134,Success,5h 29m 20s,18,,12268.0,0.2402,0.18,Jul 21 02:29,Jul 21 07:59,,327.66,7.94,,,,128.92,0.45,8.24
S0133,Success,6h 39m 24s,21,,19087.0,0.3296,0.31,Jul 21 02:30,Jul 21 09:09,,327.66,9.38,,,,147.12,0.65,8.24
S0135,Success,7h 7m 6s,24,,12147.0,0.2046,0.22,Jul 21 02:30,Jul 21 09:37,,327.66,9.29,,,,65.35,0.91,8.24
S0131,Success,11h 32m 3s,36,,124878.0,1.639,2.83,Jul 21 02:18,Jul 21 13:50,,327.66,15.41,,,,206.51,0.58,11.55
S0130,Success,11h 17m 2s,36,,135529.0,1.675,4.95,Jul 21 02:17,Jul 21 13:34,,327.66,20.6,,,,204.41,1.15,8.72
S0132,Success,10h 22m 59s,33,,31430.0,0.4086,0.2,Jul 21 02:16,Jul 21 12:39,,327.66,9.01,,,,161.02,0.53,8.24
S0138,Success,10h 8m 16s,33,,46402.0,0.6215,4.18,Jul 21 02:33,Jul 21 12:42,,327.66,23.61,,,,226.56,1.0,9.79
S0139,Success,6h 25m 55s,21,,16599.0,0.2837,4.18,Jul 21 02:30,Jul 21 08:56,,327.66,15.79,,,,212.57,0.9,8.24
S0136,Success,7h 40m 51s,24,,17690.0,0.2674,0.12,Jul 21 02:34,Jul 21 10:15,,327.66,7.55,,,,42.24,0.38,8.24
S0141,Success,10h 34m 32s,33,,17288.0,0.3036,0.18,Jul 21 02:32,Jul 21 13:07,,327.66,5.91,,,,153.57,0.36,8.24
S0143,Success,8h 36m 25s,27,,12573.0,0.2181,0.38,Jul 21 02:30,Jul 21 11:06,,327.66,10.53,,,,90.7,0.55,8.24
S0142,Success,10h 49m 40s,33,,16314.0,0.2109,1.43,Jul 21 02:31,Jul 21 13:21,,327.66,20.45,,,,88.94,1.28,8.58
S0137,Success,10h 2m 27s,33,,23975.0,0.3156,2.3,Jul 21 02:36,Jul 21 12:39,,327.66,14.13,,,,246.97,0.58,11.55
S0144,Success,12h 28m 14s,39,,20268.0,0.3066,0.1,Jul 21 02:35,Jul 21 15:03,,327.66,6.0,,,,39.43,0.37,8.24
S0149,Success,7h 6m 38s,24,,12985.0,0.2052,2.93,Jul 21 02:30,Jul 21 09:37,,327.66,19.88,,,,144.88,1.15,10.72
S0146,Success,10h 27m 51s,33,,21769.0,0.2883,5.52,Jul 21 02:35,Jul 21 13:03,,327.66,19.8,,,,205.7,0.74,11.65
S0156,Success,4h 14m 28s,15,,7750.0,0.1546,2.08,Jul 21 02:37,Jul 21 06:52,,327.66,13.59,,,,159.79,1.43,14.24
S0155,Success,6h 34m 46s,21,,12803.0,0.2222,1.46,Jul 21 02:38,Jul 21 09:13,,327.66,10.68,,,,211.14,0.49,12.66
S0153,Success,7h 28m 22s,24,,15015.0,0.2595,4.34,Jul 21 02:38,Jul 21 10:07,,327.66,19.06,,,,220.94,0.63,16.11
S0151,Success,4h 11m 20s,15,,8539.0,0.1869,0.46,Jul 21 02:29,Jul 21 06:41,,327.66,6.3,,,,109.0,0.63,8.24
S0150,Success,8h 49m 51s,27,,16835.0,0.2104,1.77,Jul 21 02:32,Jul 21 11:22,,327.66,19.23,,,,77.87,1.25,8.93
S0140,Success,11h 36m 48s,36,,27373.0,0.2927,2.74,Jul 21 02:36,Jul 21 14:12,,327.66,23.24,,,,119.06,1.51,11.04
S0152,Success,8h 10m 44s,27,,17562.0,0.2661,0.2,Jul 21 02:34,Jul 21 10:44,,327.66,8.32,,,,47.71,0.4,8.24
S0148,Success,11h 55m 31s,36,,25201.0,0.3265,2.36,Jul 21 02:38,Jul 21 14:33,,327.66,15.64,,,,124.41,0.58,11.55
S0157,Success,6h 55m 15s,21,,11915.0,0.169,2.36,Jul 21 02:38,Jul 21 09:33,,327.66,21.61,,,,107.86,1.93,11.42
S0145,Success,9h 49m 5s,30,,19735.0,0.2726,6.38,Jul 21 02:33,Jul 21 12:23,,327.66,21.34,,,,262.76,0.75,15.09
S0147,Success,10h 16m 11s,33,,21003.0,0.2646,4.56,Jul 21 02:35,Jul 21 12:51,,327.66,12.71,,,,186.26,0.54,8.48
S0159,Success,6h 34m 54s,21,,12122.0,0.1938,1.06,Jul 21 02:38,Jul 21 09:13,,327.66,8.27,,,,93.9,0.66,9.35
S0158,Success,7h 16m 57s,24,,16001.0,0.2703,1.59,Jul 21 02:40,Jul 21 09:57,,327.66,7.13,,,,113.05,0.47,8.24
S0114,Success,6h 57m 7s,21,,20148.0,0.3456,0.16,Jul 21 02:11,Jul 21 09:08,,327.66,8.02,,,,186.8,0.59,8.24
S0161,Success,11h 1m 47s,36,,24718.0,0.3594,2.82,Jul 21 02:34,Jul 21 13:36,,327.66,8.67,,,,167.25,0.42,8.24
S0165,Success,3h 30m 18s,12,,7888.0,0.1679,1.01,Jul 22 18:33,Jul 22 22:04,,327.66,9.19,7.69,570446400.0,227988.78,165.4,0.8,8.24
S0162,Success,11h 25m 10s,36,,24562.0,0.3098,3.31,Jul 21 02:34,Jul 21 13:59,,327.66,12.05,,,,167.25,0.39,8.32
S0160,Success,10h 31m 45s,33,,23898.0,0.3841,3.87,Jul 21 02:34,Jul 21 13:06,,327.66,6.95,,,,167.25,0.4,8.24
S0129,Success,8h 31m 57s,27,,24631.0,0.4045,4.52,Jul 21 02:12,Jul 21 10:44,,327.66,9.38,,,,216.7,0.51,8.24
S0164,Success,7h 49m 26s,24,,14095.0,0.184,2.03,Jul 22 18:35,Jul 23 02:24,,327.66,19.54,10.32,661226304.0,269976.56,132.1,1.66,11.0
S0167,Success,7h 9m 51s,24,,16898.0,0.2681,0.33,Jul 22 18:36,Jul 23 01:46,,327.66,8.65,6.38,584750720.0,206834.75,81.11,0.69,8.24
S0175,Success,4h 2m 7s,15,,8091.0,0.1725,0.12,Jul 22 18:33,Jul 22 22:35,,327.66,8.03,6.75,561351744.0,146776.08,112.75,0.5,8.24
S0176,Success,4h 25m 0s,15,,9174.0,0.1801,0.12,Jul 22 18:33,Jul 22 22:58,,327.66,10.26,6.82,564109568.0,157432.78,38.91,0.66,8.24
S0115,Success,9h 45m 12s,30,,32946.0,0.4353,2.57,Jul 21 02:19,Jul 21 12:04,,327.66,14.13,,,,197.77,0.58,11.55
S0168,Success,4h 51m 27s,15,,9968.0,0.2126,0.11,Jul 22 18:35,Jul 22 23:26,,327.66,7.93,5.79,558536448.0,138176.33,48.36,0.44,8.24
S0166,Success,6h 27m 42s,21,,17026.0,0.279,0.1,Jul 22 18:35,Jul 23 01:03,,327.66,6.51,5.98,559186944.0,146763.61,119.25,0.43,8.24
S0169,Success,6h 56m 29s,21,,15649.0,0.2681,0.22,Jul 22 18:36,Jul 23 01:32,,327.66,8.0,6.6,574636032.0,204266.12,229.73,0.39,8.24
S0163,Success,9h 40m 31s,30,,22764.0,0.2674,2.13,Jul 22 18:40,Jul 23 04:21,,327.66,13.51,11.49,648578304.0,224688.97,136.75,0.98,9.9
S0172,Success,9h 10m 11s,30,,17739.0,0.2492,1.99,Jul 22 18:36,Jul 23 03:46,,327.66,12.43,8.57,638117056.0,289632.16,127.28,1.16,8.76
S0179,Success,5h 21m 20s,18,,13127.0,0.2441,0.19,Jul 22 18:34,Jul 22 23:55,,327.66,5.87,6.28,565315840.0,200478.77,99.51,0.41,8.24
S0170,Success,11h 7m 26s,36,,20085.0,0.2771,0.15,Jul 22 18:39,Jul 23 05:46,,327.66,7.95,6.91,563373632.0,174112.86,217.88,0.32,8.24
S0174,Success,7h 29m 20s,24,,15507.0,0.2326,0.22,Jul 22 18:35,Jul 23 02:04,,327.66,8.11,7.3,565527616.0,206189.3,124.67,0.52,8.24
S0183,Success,4h 11m 46s,15,,9333.0,0.1946,0.12,Jul 22 18:34,Jul 22 22:45,,327.66,8.32,5.85,564247488.0,174911.97,73.89,0.72,8.24
S0154,Success,11h 18m 6s,36,,24813.0,0.3186,3.87,Jul 21 02:44,Jul 21 14:02,,327.66,14.89,,,,199.12,0.79,13.43
S0173,Success,9h 37m 59s,30,,21034.0,0.2789,2.45,Jul 22 18:40,Jul 23 04:18,,327.66,14.13,9.8,596553088.0,195746.81,112.75,0.58,11.55
S0180,Success,5h 7m 3s,18,,10997.0,0.1845,2.21,Jul 22 18:34,Jul 22 23:41,,327.66,12.43,8.8,594703104.0,225999.5,117.64,0.93,8.24
S0181,Success,8h 46m 46s,27,,16815.0,0.2501,0.18,Jul 22 18:36,Jul 23 03:23,,327.66,9.35,7.75,583089024.0,209559.02,99.97,0.72,8.24
S0171,Success,8h 23m 8s,27,,18390.0,0.2414,1.9,Jul 22 18:37,Jul 23 03:00,,327.66,12.97,9.54,620509056.0,250347.67,137.39,0.82,8.92
S0178,Success,12h 23m 14s,39,,20650.0,0.2746,2.36,Jul 22 18:42,Jul 23 07:05,,327.66,14.13,10.12,596595328.0,201956.27,148.69,0.58,11.55
S0189,Success,5h 40m 18s,18,,9845.0,0.1801,0.21,Jul 22 18:36,Jul 23 00:16,,327.66,9.26,7.86,570953664.0,272763.59,65.84,0.67,8.24
S0177,Success,13h 16m 26s,42,,20543.0,0.2954,1.02,Jul 22 18:40,Jul 23 07:57,,327.66,9.82,8.22,594427712.0,244560.52,213.1,0.47,8.24
S0186,Success,7h 18m 4s,24,,16105.0,0.261,0.41,Jul 22 18:36,Jul 23 01:54,,327.66,9.5,6.62,599055232.0,261318.08,122.05,0.69,8.24
S0182,Success,10h 13m 1s,33,,17051.0,0.2043,1.29,Jul 22 18:38,Jul 23 04:51,,327.66,15.85,8.97,621360704.0,293592.06,73.05,1.27,8.24
S0421,Success,5h 1m 12s,18,,10116.0,0.2069,0.16,Jul 22 18:35,Jul 22 23:37,,327.66,7.11,6.08,563273216.0,153648.2,112.82,0.56,8.24
S0190,Success,5h 53m 18s,18,,13618.0,0.2176,0.19,Jul 22 18:34,Jul 23 00:27,,327.66,9.64,8.0,579502144.0,220792.36,64.23,0.73,8.24
S0191,Success,4h 30m 23s,15,,9845.0,0.1826,0.18,Jul 22 18:35,Jul 22 23:05,,327.66,11.0,7.08,579665344.0,201803.17,47.1,0.85,8.24
S0184,Success,8h 17m 10s,27,,20183.0,0.2928,1.01,Jul 22 18:38,Jul 23 02:55,,327.66,6.34,6.79,580197376.0,164063.36,35.25,0.33,8.24
S0185,Success,9h 37m 40s,30,,20733.0,0.2753,2.63,Jul 22 18:41,Jul 23 04:18,,327.66,14.13,9.97,597547264.0,197864.08,122.93,0.58,11.55
S0422,Success,7h 10m 19s,24,,13692.0,0.2605,0.14,Jul 22 18:34,Jul 23 01:44,,327.66,5.76,6.89,564532160.0,154860.95,77.75,0.34,8.24
S0418,Success,7h 1m 28s,24,,14806.0,0.2668,0.12,Jul 22 18:35,Jul 23 01:37,,327.66,5.69,5.68,565622016.0,151212.61,88.1,0.32,8.24
S0425,Success,5h 25m 36s,18,,12812.0,0.2185,0.17,Jul 22 18:34,Jul 23 00:00,,327.66,6.24,8.62,577486144.0,186926.16,135.4,0.42,8.24
S0187,Success,6h 40m 13s,21,,16302.0,0.2808,0.2,Jul 22 18:35,Jul 23 01:16,,327.66,7.04,5.76,557806720.0,145078.98,47.0,0.33,8.24
S0420,Success,6h 28m 7s,21,,15114.0,0.2792,0.14,Jul 22 18:36,Jul 23 01:04,,327.66,5.83,5.4,567240704.0,166767.12,110.82,0.45,8.24
S0419,Success,9h 12m 56s,30,,24131.0,0.297,0.77,Jul 22 18:41,Jul 23 03:53,,327.66,15.09,8.08,608541120.0,280871.41,110.45,1.25,8.24
S0188,Success,8h 39m 46s,27,,20637.0,0.2743,2.33,Jul 22 18:41,Jul 23 03:21,,327.66,14.13,10.16,596967232.0,203051.48,82.41,0.58,11.55
S0417,Success,9h 35m 47s,30,,20978.0,0.2781,2.19,Jul 22 18:41,Jul 23 04:17,,327.66,14.13,11.55,596198144.0,219279.0,79.01,0.58,11.55
S0426,Success,9h 2m 4s,30,,22080.0,0.3385,0.09,Jul 22 18:39,Jul 23 03:41,,327.66,7.2,5.45,557796224.0,140143.75,129.23,0.4,8.24
S0429,Success,5h 14m 42s,18,,11877.0,0.2174,0.17,Jul 22 18:34,Jul 22 23:48,,327.66,7.07,6.19,566730176.0,148047.64,90.47,0.71,8.24
S0430,Success,7h 25m 46s,24,,17656.0,0.2876,0.11,Jul 22 18:38,Jul 23 02:03,,327.66,5.65,5.99,571711488.0,166817.25,50.75,0.32,8.24
S0428,Success,6h 15m 45s,21,,13816.0,0.2241,0.13,Jul 22 18:33,Jul 23 00:49,,327.66,7.94,6.79,573451200.0,164200.03,72.77,0.42,8.24
S0423,Success,8h 25m 10s,27,,20903.0,0.2774,2.31,Jul 22 18:42,Jul 23 03:07,,327.66,14.13,11.54,596298240.0,218442.12,44.77,0.58,11.55
S0435,Success,6h 10m 20s,21,,14232.0,0.2063,1.5,Jul 22 18:33,Jul 23 00:44,,327.66,15.57,9.67,605082944.0,295867.12,106.61,1.24,9.04
S0431,Success,7h 51m 55s,24,,25285.0,0.3841,0.18,Jul 22 18:37,Jul 23 02:29,,327.66,8.78,7.31,576349056.0,193295.5,185.79,0.59,8.24
S0192,Success,7h 39m 28s,24,,20138.0,0.2798,0.13,Jul 22 18:39,Jul 23 02:18,,327.66,8.8,6.84,558511360.0,163631.39,23.0,0.41,8.24
S0437,Success,4h 32m 17s,15,,9585.0,0.1801,0.17,Jul 22 18:34,Jul 22 23:07,,327.66,6.06,7.02,572708864.0,173930.19,86.9,0.4,8.24
S0427,Success,9h 59m 51s,30,,23550.0,0.3098,2.3,Jul 22 18:41,Jul 23 04:40,,327.66,14.13,10.34,601506240.0,215096.78,107.54,0.58,11.55
S0424,Success,8h 29m 2s,27,,21692.0,0.2874,2.44,Jul 22 18:41,Jul 23 03:10,,327.66,14.13,10.27,596163008.0,218838.3,122.51,0.58,11.55
S0443,Success,5h 23m 18s,18,,9508.0,0.184,0.27,Jul 22 18:34,Jul 22 23:57,,327.66,9.62,8.16,578858304.0,242761.16,108.42,0.7,8.24
S0439,Success,9h 36m 35s,30,,133613.0,1.796,4.33,Jul 22 18:39,Jul 23 04:16,,327.66,19.93,8.43,593921920.0,260636.3,221.96,0.73,8.24
S0433,Success,5h 26m 6s,18,,16121.0,0.3214,0.13,Jul 22 18:34,Jul 23 00:00,,327.66,5.76,5.91,573853568.0,186187.44,194.3,0.39,8.24
S0436,Success,7h 21m 29s,24,,17484.0,0.249,0.16,Jul 22 18:36,Jul 23 01:58,,327.66,9.71,6.94,570370816.0,170891.39,90.32,0.55,8.24
S0440,Success,8h 30m 11s,27,,19570.0,0.322,2.53,Jul 22 18:35,Jul 23 03:05,,327.66,7.42,6.85,565398464.0,153302.97,164.53,0.38,8.24
S0438,Success,7h 55m 6s,24,,72787.0,1.139,6.4,Jul 22 18:38,Jul 23 02:33,,327.66,11.38,9.21,567947776.0,239752.94,254.87,0.56,8.24
S0432,Success,8h 57m 27s,27,,30831.0,0.4253,0.2,Jul 22 18:40,Jul 23 03:37,,327.66,9.55,7.82,570313856.0,188331.48,201.67,0.45,8.24
S0434,Success,9h 17m 33s,30,,22285.0,0.2953,2.17,Jul 22 18:40,Jul 23 03:57,,327.66,14.13,11.57,596146112.0,218465.89,158.4,0.58,11.55
S0442,Success,10h 56m 35s,33,,19855.0,0.2334,1.42,Jul 22 18:38,Jul 23 05:34,,327.66,22.02,8.91,651539392.0,336953.66,96.13,1.61,8.29
S0444,Success,8h 29m 25s,27,,16904.0,0.2647,0.19,Jul 22 18:35,Jul 23 03:05,,327.66,7.9,6.94,563735552.0,166151.72,79.04,0.4,8.24
S0441,Success,11h 54m 53s,36,,39402.0,0.52,2.39,Jul 22 18:42,Jul 23 06:37,,327.66,14.13,11.49,599563648.0,218091.27,125.45,0.58,11.55
S0451,Success,7h 0m 30s,24,,17037.0,0.2611,0.23,Jul 22 18:37,Jul 23 01:38,,327.66,7.65,6.58,567715520.0,166046.27,71.23,0.53,8.24
S0447,Success,7h 36m 55s,24,,19390.0,0.2883,3.7,Jul 22 18:34,Jul 23 02:11,,327.66,20.18,11.88,621120896.0,331987.91,152.44,1.14,11.67
S0445,Success,8h 38m 7s,27,,32490.0,0.4042,4.79,Jul 22 18:37,Jul 23 03:15,,327.66,21.75,10.86,631904768.0,347419.25,218.3,0.98,9.98
S0449,Success,8h 43m 59s,27,,17804.0,0.2216,2.02,Jul 22 18:36,Jul 23 03:20,,327.66,21.02,8.85,646373504.0,329213.25,89.2,1.51,8.63
S0448,Success,8h 54m 10s,27,,20109.0,0.3155,0.44,Jul 22 18:40,Jul 23 03:34,,327.66,10.45,7.37,570219520.0,197885.88,157.48,0.36,8.24
S0446,Success,12h 3m 50s,39,,88012.0,1.134,3.67,Jul 22 18:41,Jul 23 06:45,,327.66,18.02,10.69,654555072.0,203204.45,205.17,0.58,11.55
S0450,Success,7h 53m 54s,24,,17015.0,0.2687,0.33,Jul 22 18:36,Jul 23 02:30,,327.66,9.43,7.13,572382336.0,217057.05,108.27,0.49,8.24
S0456,Success,7h 17m 11s,24,,15586.0,0.2127,1.94,Jul 22 18:36,Jul 23 01:53,,327.66,19.29,9.3,646006592.0,321361.34,87.4,1.41,10.06
S0455,Success,5h 33m 49s,18,,11064.0,0.2002,2.53,Jul 22 18:33,Jul 23 00:07,,327.66,9.55,9.09,607014976.0,259926.22,154.12,0.81,9.95
S0457,Success,6h 30m 38s,21,,13306.0,0.2386,0.32,Jul 22 18:34,Jul 23 01:04,,327.66,6.37,6.28,578910976.0,145104.62,103.8,0.54,8.24
S0464,Success,4h 29m 56s,15,,10878.0,0.2034,1.98,Jul 22 18:33,Jul 22 23:03,,327.66,9.59,8.12,582455232.0,245411.52,106.73,0.69,8.24
S0452,Success,8h 28m 22s,27,,24602.0,0.3728,5.28,Jul 22 18:39,Jul 23 03:07,,327.66,17.81,10.06,580775104.0,229358.31,252.53,0.45,15.91
S0453,Success,9h 30m 57s,30,,21934.0,0.2963,3.7,Jul 22 18:40,Jul 23 04:11,,327.66,14.55,10.54,612257088.0,216243.48,167.25,0.58,11.55
S0454,Success,9h 35m 18s,30,,29355.0,0.3257,4.17,Jul 22 18:39,Jul 23 04:14,,327.66,25.4,10.92,711533248.0,294525.78,125.4,1.94,14.42
S0459,Success,8h 34m 36s,27,,18252.0,0.2701,2.37,Jul 22 18:35,Jul 23 03:10,,327.66,11.09,9.7,586782912.0,316456.69,244.19,0.48,9.04
S0458,Success,8h 53m 39s,27,,20283.0,0.2898,0.16,Jul 22 18:39,Jul 23 03:33,,327.66,6.49,6.56,575247744.0,144852.25,61.43,0.49,8.24
S0463,Success,5h 52m 28s,18,,13176.0,0.1852,2.36,Jul 22 18:34,Jul 23 00:27,,327.66,19.11,10.11,647402624.0,255657.53,95.27,1.64,11.11
S0468,Success,6h 27m 24s,21,,16917.0,0.2622,0.15,Jul 22 18:36,Jul 23 01:03,,327.66,7.41,7.13,566049152.0,168416.5,209.54,0.25,8.24
S0460,Success,7h 58m 56s,24,,17649.0,0.277,0.38,Jul 22 18:37,Jul 23 02:36,,327.66,8.74,6.93,564232448.0,228801.09,202.68,0.28,8.24
S0474,Success,5h 38m 56s,18,,8850.0,0.1636,0.21,Jul 22 18:34,Jul 23 00:13,,327.66,10.73,9.0,577392448.0,269625.31,235.97,0.81,8.24
S0461,Success,11h 0m 45s,36,,25940.0,0.3445,1.95,Jul 22 18:42,Jul 23 05:42,,327.66,14.13,9.37,594277376.0,187919.45,187.0,0.58,11.55
S0465,Success,4h 59m 51s,15,,12720.0,0.2246,0.17,Jul 22 18:34,Jul 22 23:34,,327.66,6.52,6.57,576843968.0,173725.25,61.09,0.68,8.24
S0469,Success,8h 1m 13s,27,,13654.0,0.2221,0.21,Jul 22 18:34,Jul 23 02:35,,327.66,10.31,7.9,577777728.0,222402.98,153.24,0.49,8.24
S0471,Success,7h 20m 31s,24,,12432.0,0.2009,0.46,Jul 22 18:34,Jul 23 01:54,,327.66,9.4,7.05,604710272.0,214314.28,65.87,1.11,8.24
S0466,Success,10h 54m 18s,33,,29453.0,0.3859,2.92,Jul 22 18:40,Jul 23 05:34,,327.66,14.13,9.32,603605824.0,189696.03,158.5,0.58,11.55
S0462,Success,4h 44m 29s,15,,10087.0,0.2102,1.45,Jul 22 18:35,Jul 22 23:19,,327.66,9.54,7.77,573162176.0,273260.06,165.37,0.65,8.24
S0481,Success,4h 26m 2s,15,,9891.0,0.2008,0.24,Jul 22 18:34,Jul 22 23:00,,327.66,9.53,8.25,563878272.0,217895.75,89.37,0.43,8.24
S0467,Success,5h 19m 22s,18,,12000.0,0.2058,1.34,Jul 22 18:33,Jul 22 23:53,,327.66,10.49,9.52,613916672.0,307571.5,161.85,1.01,8.24
S0476,Success,8h 36m 55s,27,,20135.0,0.2846,0.4,Jul 22 18:40,Jul 23 03:16,,327.66,13.73,8.64,594235904.0,305503.78,148.36,0.53,8.24
S0478,Success,4h 30m 59s,15,,9259.0,0.1865,0.21,Jul 22 18:35,Jul 22 23:06,,327.66,9.87,6.61,564330048.0,215074.92,97.1,0.55,8.24
S0477,Success,5h 59m 29s,18,,11895.0,0.1987,1.5,Jul 22 18:34,Jul 23 00:34,,327.66,14.3,8.63,618409472.0,319927.69,98.23,1.15,8.37
S0470,Success,9h 49m 5s,30,,17770.0,0.2658,1.13,Jul 22 18:39,Jul 23 04:28,,327.66,9.67,7.84,589767872.0,211749.08,126.23,0.53,8.24
S0472,Success,7h 0m 13s,24,,12254.0,0.2214,0.12,Jul 22 18:34,Jul 23 01:34,,327.66,7.88,6.79,570789696.0,161231.27,82.44,0.4,8.24
S0482,Success,4h 23m 39s,15,,8607.0,0.1497,2.34,Jul 22 18:33,Jul 22 22:57,,327.66,11.53,9.27,620315072.0,266154.62,114.29,1.69,9.78
S0708,Success,6h 3m 56s,21,,15914.0,0.2579,1.32,Jul 22 18:34,Jul 23 00:38,,327.66,11.08,7.03,579353280.0,285439.41,111.76,0.92,8.24
S0475,Success,8h 12m 34s,27,,20067.0,0.2937,0.18,Jul 22 18:40,Jul 23 02:52,,327.66,8.31,6.93,560730240.0,176239.45,163.06,0.36,8.24
S0479,Success,7h 26m 42s,24,,15950.0,0.237,0.54,Jul 22 18:36,Jul 23 02:03,,327.66,6.43,6.76,579583744.0,158354.91,50.59,0.49,8.24
S0486,Success,4h 21m 56s,15,,9324.0,0.1912,0.19,Jul 22 18:34,Jul 22 22:56,,327.66,7.89,6.4,565187008.0,151638.91,38.69,0.67,8.24
S0483,Success,7h 32m 22s,24,,16926.0,0.2599,0.47,Jul 22 18:37,Jul 23 02:09,,327.66,9.57,7.33,589451584.0,225748.95,123.3,0.52,8.24
S0484,Success,7h 13m 3s,24,,16879.0,0.2896,0.13,Jul 22 18:37,Jul 23 01:50,,327.66,5.75,6.09,558467328.0,139567.06,53.52,0.44,8.24
S0473,Success,9h 38m 53s,30,,16809.0,0.2501,0.61,Jul 22 18:36,Jul 23 04:15,,327.66,7.74,8.98,578329792.0,311748.22,232.02,0.32,8.24
S0712,Success,5h 39m 51s,18,,12870.0,0.2474,0.09,Jul 22 18:34,Jul 23 00:14,,327.66,5.77,5.82,570431296.0,139719.78,47.48,0.39,8.24
S0709,Success,9h 29m 13s,30,,20961.0,0.2779,2.18,Jul 22 18:41,Jul 23 04:10,,327.66,14.13,11.56,596042624.0,217836.39,88.73,0.58,11.55
S0485,Success,8h 32m 55s,27,,20645.0,0.2741,2.47,Jul 22 18:43,Jul 23 03:16,,327.66,14.13,10.12,597878144.0,201583.11,68.21,0.58,11.55
S0718,Success,5h 41m 28s,18,,11613.0,0.2277,0.5,Jul 22 18:33,Jul 23 00:14,,327.66,9.9,7.61,571721024.0,279397.66,90.53,0.47,8.24
S0705,Success,9h 13m 12s,30,,22198.0,0.2933,2.42,Jul 22 18:42,Jul 23 03:55,,327.66,14.13,11.59,596264256.0,222886.42,123.41,0.58,11.55
S0717,Success,7h 41m 46s,24,,15918.0,0.2409,0.73,Jul 22 18:35,Jul 23 02:17,,327.66,5.97,7.47,577263488.0,241768.61,81.07,0.35,8.24
S0707,Success,7h 37m 58s,24,,18384.0,0.2817,0.86,Jul 22 18:39,Jul 23 02:17,,327.66,5.87,6.47,574167488.0,151719.33,111.8,0.43,8.24
S0711,Success,9h 31m 20s,30,,21019.0,0.2783,2.29,Jul 22 18:42,Jul 23 04:13,,327.66,14.13,11.55,596468416.0,222738.06,57.56,0.58,11.55
S0716,Success,6h 23m 16s,21,,15156.0,0.2494,1.73,Jul 22 18:34,Jul 23 00:57,,327.66,14.04,9.55,590576192.0,351603.62,111.26,1.15,8.24
S0726,Success,3h 19m 24s,12,,8563.0,0.2017,0.81,Jul 22 18:33,Jul 22 21:52,,327.66,5.77,6.62,558082368.0,154440.92,116.2,0.61,8.24
S0714,Success,8h 24m 8s,27,,21669.0,0.2864,2.17,Jul 22 18:41,Jul 23 03:05,,327.66,14.13,11.59,596227072.0,218889.52,86.93,0.58,11.55
S0706,Success,7h 1m 45s,24,,17223.0,0.2837,0.12,Jul 22 18:37,Jul 23 01:39,,327.66,7.8,6.94,557797632.0,178868.42,108.78,0.41,8.24
S0480,Success,9h 19m 41s,30,,20656.0,0.2745,2.44,Jul 22 18:42,Jul 23 04:02,,327.66,14.13,10.19,596974656.0,204727.25,109.28,0.58,11.55
S0713,Success,7h 52m 14s,24,,21168.0,0.3124,0.1,Jul 22 18:40,Jul 23 02:32,,327.66,5.89,5.55,568199424.0,141162.69,88.51,0.43,8.24
S0715,Success,9h 44m 44s,30,,20937.0,0.2777,2.22,Jul 22 18:40,Jul 23 04:25,,327.66,14.13,11.57,596002304.0,215626.11,59.98,0.58,11.55
S0727,Success,4h 32m 18s,15,,10397.0,0.1951,0.15,Jul 22 18:33,Jul 22 23:05,,327.66,6.03,6.74,576643072.0,153464.08,82.6,0.35,8.24
S0723,Success,6h 42m 44s,21,,20351.0,0.2879,2.2,Jul 22 18:34,Jul 23 01:17,,327.66,19.37,10.32,631619264.0,332548.09,139.12,1.36,9.27
S0720,Success,6h 24m 5s,21,,13757.0,0.2656,0.11,Jul 22 18:34,Jul 23 00:58,,327.66,7.97,6.26,557796992.0,188416.81,40.02,0.27,8.24
S0710,Success,8h 58m 57s,27,,21200.0,0.3023,0.13,Jul 22 18:40,Jul 23 03:39,,327.66,6.99,5.97,567089408.0,142595.64,82.9,0.61,8.24
S0721,Success,7h 53m 7s,24,,18052.0,0.2822,0.19,Jul 22 18:37,Jul 23 02:30,,327.66,8.08,7.3,560443520.0,176018.59,129.42,0.39,8.24
S0725,Success,6h 24m 35s,21,,17080.0,0.2919,0.1,Jul 22 18:36,Jul 23 01:01,,327.66,8.17,5.8,558455808.0,157992.44,78.95,0.33,8.24
S0719,Success,8h 39m 22s,27,,20409.0,0.3239,0.09,Jul 22 18:38,Jul 23 03:17,,327.66,6.02,5.9,573130432.0,138503.98,63.67,0.37,8.24
S0724,Success,7h 49m 50s,24,,19662.0,0.2618,0.28,Jul 22 18:37,Jul 23 02:27,,327.66,10.12,7.15,585646912.0,190401.66,115.17,0.77,8.24
S0734,Success,4h 26m 0s,15,,8886.0,0.1842,0.39,Jul 22 18:35,Jul 22 23:01,,327.66,7.04,6.28,572692608.0,137601.55,112.76,0.55,8.24
S0730,Success,6h 51m 45s,21,,20005.0,0.3237,0.15,Jul 22 18:37,Jul 23 01:29,,327.66,6.03,5.97,577586880.0,149882.94,189.74,0.37,8.24
S0736,Success,6h 12m 20s,21,,14977.0,0.2904,0.09,Jul 22 18:36,Jul 23 00:48,,327.66,6.72,5.33,557802816.0,126423.64,33.98,0.37,8.24
S0741,Success,5h 39m 39s,18,,12906.0,0.2198,2.87,Jul 22 18:35,Jul 23 00:14,,327.66,17.2,12.01,631781120.0,324571.62,145.14,1.21,13.55
S0728,Success,8h 30m 43s,27,,20808.0,0.276,2.19,Jul 22 18:39,Jul 23 03:10,,327.66,14.13,11.55,596061760.0,217414.73,42.84,0.58,11.55
S0731,Success,9h 45m 12s,30,,29504.0,0.3279,1.2,Jul 22 18:40,Jul 23 04:25,,327.66,19.74,8.79,647654272.0,317508.72,129.89,1.38,8.26
S0729,Success,8h 52m 18s,27,,44823.0,0.5914,2.31,Jul 22 18:40,Jul 23 03:32,,327.66,14.13,11.55,596000448.0,218110.84,257.89,0.58,11.55
S0738,Success,5h 5m 25s,18,,11632.0,0.2352,0.87,Jul 22 18:33,Jul 22 23:39,,327.66,5.69,5.62,571942400.0,141824.05,251.37,0.35,8.24
S0737,Success,6h 59m 10s,21,,16553.0,0.2915,0.18,Jul 22 18:36,Jul 23 01:35,,327.66,5.86,5.53,573853568.0,153470.8,204.79,0.27,8.24
S0733,Success,8h 44m 2s,27,,23809.0,0.3488,0.17,Jul 22 18:40,Jul 23 03:24,,327.66,8.31,6.82,576541120.0,172920.11,144.4,0.43,8.24
S0748,Success,4h 11m 31s,15,,8594.0,0.1569,2.39,Jul 22 18:34,Jul 22 22:45,,327.66,7.75,9.85,586810496.0,285093.62,190.81,0.75,9.0
S0744,Success,6h 5m 5s,21,,16263.0,0.2945,0.07,Jul 22 18:36,Jul 23 00:41,,327.66,6.94,5.41,557796032.0,130933.61,56.79,0.29,8.24
S0740,Success,8h 49m 13s,27,,23532.0,0.3088,2.5,Jul 22 18:38,Jul 23 03:27,,327.66,21.05,11.57,666681984.0,280030.03,122.33,1.17,11.98
S0749,Success,6h 38m 8s,21,,16012.0,0.2279,1.94,Jul 22 18:35,Jul 23 01:13,,327.66,20.47,10.71,661433472.0,343596.03,124.53,1.3,12.85
S0735,Success,7h 37m 35s,24,,16967.0,0.2558,0.18,Jul 22 18:37,Jul 23 02:15,,327.66,7.11,6.8,565480832.0,169963.44,85.89,0.29,8.24
S0739,Success,10h 38m 31s,33,,28807.0,0.3807,3.93,Jul 22 18:42,Jul 23 05:20,,327.66,14.13,9.41,608722880.0,193460.53,157.31,0.58,11.55
S0746,Success,8h 31m 50s,27,,19379.0,0.2729,2.38,Jul 22 18:38,Jul 23 03:10,,327.66,12.38,9.98,629546368.0,313781.16,180.98,0.68,9.82
S0747,Success,6h 38m 17s,21,,16234.0,0.2467,0.17,Jul 22 18:35,Jul 23 01:13,,327.66,9.06,7.01,563968832.0,172484.94,185.97,0.32,8.24
S0751,Success,5h 6m 31s,18,,13124.0,0.2455,0.16,Jul 22 18:34,Jul 22 23:40,,327.66,5.76,5.56,563286144.0,147813.92,94.05,0.36,8.24
S0752,Success,4h 26m 35s,15,,11514.0,0.2356,0.12,Jul 22 18:33,Jul 22 22:59,,327.66,6.44,5.34,557795840.0,130861.45,45.81,0.46,8.24
S0754,Success,7h 16m 6s,24,,17411.0,0.2602,1.45,Jul 22 18:38,Jul 23 01:54,,327.66,12.82,8.31,608434880.0,305429.34,189.83,0.63,8.24
S0755,Success,8h 15m 58s,27,,20988.0,0.278,2.19,Jul 22 18:41,Jul 23 02:57,,327.66,14.13,9.98,598541696.0,199117.08,187.7,0.58,11.55
S0743,Success,8h 10m 34s,27,,20429.0,0.2805,0.32,Jul 22 18:40,Jul 23 02:50,,327.66,9.62,6.76,599412864.0,158500.19,68.55,0.71,8.24
S0745,Success,6h 50m 10s,21,,17538.0,0.2896,0.14,Jul 22 18:37,Jul 23 01:27,,327.66,6.13,5.99,562550336.0,180648.16,209.52,0.28,8.24
S0742,Success,4h 6m 1s,15,,8592.0,0.1741,2.55,Jul 22 18:33,Jul 22 22:39,,327.66,11.2,8.04,594160128.0,294103.78,124.06,0.97,8.24
S0759,Success,6h 12m 7s,21,,16311.0,0.2741,0.13,Jul 22 18:35,Jul 23 00:47,,327.66,6.66,5.88,560782528.0,182832.12,88.67,0.36,8.24
S0756,Success,3h 44m 14s,12,,8969.0,0.1924,0.37,Jul 22 18:34,Jul 22 22:19,,327.66,8.78,7.7,576477952.0,276908.31,177.31,0.79,8.24
S0758,Success,5h 35m 7s,18,,12929.0,0.2007,1.24,Jul 22 18:35,Jul 23 00:10,,327.66,10.7,8.21,619618176.0,254401.31,84.86,1.17,8.24
S0760,Success,4h 45m 43s,15,,13031.0,0.2665,0.15,Jul 22 18:34,Jul 22 23:20,,327.66,5.52,5.28,569409984.0,122852.82,42.84,0.28,8.24
S0757,Success,6h 15m 3s,21,,16875.0,0.2884,0.17,Jul 22 18:36,Jul 23 00:51,,327.66,5.86,5.64,573091712.0,145516.38,126.7,0.33,8.24
S0732,Success,5h 20m 27s,18,,14249.0,0.2707,2.0,Jul 22 18:34,Jul 22 23:54,,327.66,8.99,7.35,582106688.0,318145.66,163.01,0.65,8.24
S0766,Success,4h 19m 1s,15,,8471.0,0.1648,0.18,Jul 22 18:34,Jul 22 22:53,,327.66,11.98,7.36,588475456.0,289802.59,78.06,1.0,8.24
S0762,Success,6h 27m 17s,21,,15560.0,0.2689,0.14,Jul 22 18:36,Jul 23 01:03,,327.66,7.5,5.61,559343360.0,158221.38,108.89,0.34,8.24
S0761,Success,7h 19m 16s,24,,17292.0,0.2343,1.23,Jul 22 18:38,Jul 23 01:57,,327.66,12.45,8.59,603072896.0,268032.28,170.24,0.67,8.24
S0771,Success,4h 5m 44s,15,,9160.0,0.1831,0.21,Jul 22 18:34,Jul 22 22:39,,327.66,11.77,8.11,585187968.0,288074.06,94.25,0.86,8.24
S0775,Success,3h 3m 6s,12,,6680.0,0.1543,0.19,Jul 22 18:33,Jul 22 21:36,,327.66,7.52,5.99,567547776.0,149400.48,44.3,0.8,8.24
S0765,Success,5h 36m 9s,18,,13139.0,0.2454,0.18,Jul 22 18:34,Jul 23 00:10,,327.66,5.87,5.51,562533440.0,153057.58,88.16,0.46,8.24
S0764,Success,9h 53m 59s,30,,22216.0,0.2922,2.45,Jul 22 18:41,Jul 23 04:35,,327.66,14.13,9.81,604748928.0,197022.92,115.44,0.58,11.55
S0763,Success,9h 5m 29s,30,,20624.0,0.2736,2.4,Jul 22 18:41,Jul 23 03:46,,327.66,14.13,10.12,597776640.0,201827.42,122.79,0.58,11.55
S0768,Success,6h 36m 44s,21,,16811.0,0.3082,0.07,Jul 22 18:36,Jul 23 01:12,,327.66,5.55,5.26,557820608.0,128008.12,33.03,0.27,8.24
S0772,Success,5h 28m 31s,18,,12578.0,0.2204,0.19,Jul 22 18:35,Jul 23 00:03,,327.66,13.94,8.13,564483520.0,282514.62,60.26,0.35,8.24
S0769,Success,7h 7m 10s,24,,16869.0,0.259,0.19,Jul 22 18:36,Jul 23 01:43,,327.66,6.41,7.43,570588288.0,216749.03,77.1,0.38,8.24
S0767,Success,5h 53m 53s,18,,13736.0,0.2448,0.13,Jul 22 18:34,Jul 23 00:28,,327.66,8.34,6.21,568085440.0,145755.22,56.48,0.52,8.24
S0773,Success,6h 56m 52s,21,,16251.0,0.2371,0.19,Jul 22 18:36,Jul 23 01:33,,327.66,8.25,7.16,569821248.0,193245.23,67.06,0.45,8.24
S0774,Success,6h 40m 8s,21,,16181.0,0.2473,0.69,Jul 22 18:36,Jul 23 01:16,,327.66,11.8,8.05,597484032.0,268417.03,76.25,0.83,8.24
S0983,Success,4h 9m 20s,15,,9336.0,0.1847,0.54,Jul 22 18:34,Jul 22 22:43,,327.66,6.27,6.78,579583744.0,166414.89,94.4,0.23,8.24
S0770,Success,8h 51m 6s,27,,19923.0,0.2493,0.52,Jul 22 18:40,Jul 23 03:31,,327.66,10.33,8.68,594717376.0,270536.72,102.09,0.63,8.24
S0980,Success,9h 33m 4s,30,,23171.0,0.3067,2.19,Jul 22 18:42,Jul 23 04:15,,327.66,14.13,11.44,598284672.0,207796.45,122.71,0.58,11.55
S0977,Success,7h 56m 33s,24,,19957.0,0.3178,1.86,Jul 22 18:37,Jul 23 02:33,,327.66,11.63,7.76,560105536.0,239653.11,229.2,0.45,8.24
S0776,Success,7h 5m 47s,24,,16888.0,0.2495,0.19,Jul 22 18:37,Jul 23 01:43,,327.66,8.08,7.74,566161600.0,182624.84,23.25,0.48,8.24
S0982,Success,6h 4m 38s,21,,13808.0,0.2337,1.18,Jul 22 18:35,Jul 23 00:40,,327.66,10.31,8.02,569402432.0,219534.36,87.02,0.48,8.24
S0978,Success,7h 17m 40s,24,,17531.0,0.2584,0.35,Jul 22 18:37,Jul 23 01:55,,327.66,10.36,7.04,558558400.0,209227.77,210.12,0.33,8.24
S0722,Success,8h 37m 46s,27,,22038.0,0.2911,2.34,Jul 22 18:40,Jul 23 03:18,,327.66,14.13,11.55,596250304.0,219588.58,124.8,0.58,11.55
S0988,Success,5h 53m 40s,18,,13445.0,0.22,1.29,Jul 22 18:34,Jul 23 00:28,,327.66,10.44,8.17,558946560.0,201694.08,137.99,0.37,8.24
S0990,Success,7h 1m 7s,24,,17056.0,0.2544,0.16,Jul 22 18:37,Jul 23 01:38,,327.66,9.63,8.32,563716736.0,261191.2,47.44,0.52,8.24
S0991,Success,8h 5m 58s,27,,21927.0,0.3235,0.16,Jul 22 18:38,Jul 23 02:44,,327.66,6.16,6.67,572958272.0,172742.62,104.45,0.37,8.24
S0979,Success,7h 22m 25s,24,,17903.0,0.2633,0.19,Jul 22 18:37,Jul 23 02:00,,327.66,7.83,6.78,571672320.0,188337.31,146.59,0.32,8.24
S0992,Success,8h 58m 22s,27,,22210.0,0.2931,2.4,Jul 22 18:41,Jul 23 03:39,,327.66,14.13,11.51,595977600.0,220237.72,99.83,0.58,11.55
S0989,Success,6h 39m 54s,21,,17830.0,0.3138,0.15,Jul 22 18:38,Jul 23 01:18,,327.66,6.6,5.75,557796736.0,142667.09,97.56,0.3,8.24
S0993,Success,7h 15m 39s,24,,21766.0,0.3224,1.31,Jul 22 18:38,Jul 23 01:53,,327.66,14.47,9.26,615188032.0,332699.84,107.18,0.9,8.24
S0985,Success,8h 24m 3s,27,,20852.0,0.3152,0.52,Jul 22 18:40,Jul 23 03:04,,327.66,5.75,5.98,560878080.0,172882.17,190.39,0.29,8.24
S0753,Success,6h 21m 12s,21,,16171.0,0.2644,0.22,Jul 22 18:35,Jul 23 00:56,,327.66,7.56,6.18,575405824.0,163951.53,248.69,0.34,8.24
S0994,Success,7h 0m 32s,24,,17784.0,0.2857,0.22,Jul 22 18:37,Jul 23 01:38,,327.66,6.15,6.32,578865472.0,169350.97,74.81,0.32,8.24
S0987,Success,6h 15m 41s,21,,15720.0,0.2502,1.64,Jul 22 18:34,Jul 23 00:49,,327.66,11.09,9.47,581244096.0,262637.78,115.12,0.81,8.24
S0996,Success,4h 14m 12s,15,,10254.0,0.2196,0.16,Jul 22 18:34,Jul 22 22:49,,327.66,5.92,6.08,566114048.0,161539.45,90.4,0.26,8.24
S0986,Success,10h 11m 10s,33,,24982.0,0.3286,2.39,Jul 22 18:41,Jul 23 04:52,,327.66,14.13,10.41,599209920.0,252636.05,119.61,0.58,11.55
S0981,Success,8h 45m 40s,27,,20869.0,0.289,0.5,Jul 22 18:41,Jul 23 03:27,,327.66,10.25,7.89,563708672.0,234798.14,127.47,0.33,8.24
S0984,Success,7h 54m 37s,24,,19275.0,0.2991,0.45,Jul 22 18:38,Jul 23 02:33,,327.66,8.03,6.36,572961152.0,224825.06,213.85,0.36,8.24
S1001,Success,3h 46m 22s,12,,9771.0,0.2165,0.16,Jul 22 18:33,Jul 22 22:20,,327.66,5.78,5.57,563340736.0,130286.52,111.54,0.6,8.24
S1003,Success,6h 53m 31s,21,,13795.0,0.2262,0.21,Jul 22 18:34,Jul 23 01:28,,327.66,6.16,7.53,569440192.0,190966.81,85.82,0.33,8.24
S0750,Success,8h 36m 28s,27,,20834.0,0.2764,2.06,Jul 22 18:41,Jul 23 03:18,,327.66,14.13,10.04,597744896.0,198797.33,111.59,0.58,11.55
S1007,Success,10h 8m 59s,33,,17476.0,0.2695,0.15,Jul 23 16:44,Jul 24 02:53,,327.66,8.85,6.64,582527360.0,175138.41,110.92,0.73,8.24
S1000,Success,6h 22m 19s,21,,17281.0,0.2998,0.16,Jul 22 18:36,Jul 23 00:58,,327.66,6.08,6.32,571775232.0,148448.84,90.32,0.34,8.24
S1006,Success,10h 27m 45s,33,,17618.0,0.2966,0.12,Jul 23 16:45,Jul 24 03:12,,327.66,5.69,5.94,557797376.0,158517.28,93.72,0.27,8.24
S0999,Success,8h 40m 21s,27,,22401.0,0.2948,2.31,Jul 22 18:40,Jul 23 03:20,,327.66,14.13,11.48,597606400.0,230510.31,97.49,0.58,11.55
S1008,Success,9h 21m 12s,30,,13875.0,0.2446,0.17,Jul 23 16:41,Jul 24 02:03,,327.66,12.25,7.1,580130880.0,248101.47,134.09,0.56,8.24
S0997,Success,8h 48m 4s,27,,20925.0,0.2774,2.3,Jul 22 18:41,Jul 23 03:29,,327.66,14.13,11.52,596265344.0,219313.92,46.78,0.58,11.55
S0998,Success,7h 10m 54s,24,,18787.0,0.2761,0.17,Jul 22 18:37,Jul 23 01:48,,327.66,9.11,6.76,578153280.0,166773.52,101.55,0.58,8.24
S1009,Success,9h 15m 37s,30,,17062.0,0.2789,0.13,Jul 23 16:44,Jul 24 02:00,,327.66,7.03,5.76,558135168.0,141733.48,91.33,0.39,8.24
S1015,Success,9h 28m 36s,30,,16847.0,0.246,0.21,Jul 23 16:43,Jul 24 02:12,,327.66,9.02,7.02,557795840.0,195980.03,110.67,0.38,8.24
S1013,Success,7h 54m 24s,24,,17701.0,0.2747,0.52,Jul 23 16:45,Jul 24 00:40,,327.66,6.21,6.7,574410112.0,176303.34,152.84,0.43,8.24
S1011,Success,11h 34m 20s,36,,20061.0,0.3169,0.13,Jul 23 16:47,Jul 24 04:21,,327.66,5.79,6.22,567975488.0,160754.69,55.98,0.29,8.24
S1002,Success,9h 49m 42s,30,,20975.0,0.2778,2.31,Jul 22 18:41,Jul 23 04:30,,327.66,14.13,10.28,596116352.0,218497.98,66.82,0.58,11.55
S1012,Success,11h 56m 55s,36,,22269.0,0.3102,0.35,Jul 23 16:47,Jul 24 04:44,,327.66,11.19,7.76,585003008.0,246797.42,203.65,0.6,8.24
S1005,Success,9h 47m 8s,30,,21517.0,0.2846,1.95,Jul 22 18:40,Jul 23 04:27,,327.66,14.13,10.28,596075456.0,217224.19,133.97,0.58,11.55
S1017,Success,5h 32m 20s,18,,7942.0,0.1727,0.14,Jul 23 16:41,Jul 23 22:14,,327.66,6.2,6.31,566080000.0,162013.2,99.84,0.38,8.24
S1010,Success,9h 26m 4s,30,,20563.0,0.2589,0.14,Jul 23 16:47,Jul 24 02:13,,327.66,6.17,6.93,574591680.0,166226.09,62.82,0.66,8.24
S1024,Success,5h 11m 18s,18,,8425.0,0.1996,0.09,Jul 23 16:41,Jul 23 21:53,,327.66,6.51,5.46,557809408.0,140426.92,35.5,0.27,8.24
S1014,Success,8h 55m 2s,27,,22210.0,0.2834,3.48,Jul 23 16:45,Jul 24 01:40,,327.66,10.75,8.56,609397568.0,234567.56,140.12,0.85,8.24
S0995,Success,5h 29m 28s,18,,14196.0,0.2752,0.46,Jul 22 18:35,Jul 23 00:04,,327.66,7.12,5.99,561019584.0,168437.44,87.8,0.34,8.24
S1016,Success,11h 50m 29s,36,,28451.0,0.3405,2.42,Jul 23 16:46,Jul 24 04:37,,327.66,14.86,8.84,645655936.0,233057.59,103.11,1.12,8.88
S1022,Success,12h 4m 45s,39,,20944.0,0.249,0.96,Jul 23 16:47,Jul 24 04:52,,327.66,8.75,7.43,599599040.0,219722.3,100.32,0.78,8.24
S1020,Success,8h 27m 28s,27,,17526.0,0.2504,0.22,Jul 23 16:45,Jul 24 01:13,,327.66,6.1,6.84,578216960.0,170938.2,52.24,0.34,8.24
S1019,Success,11h 1m 47s,36,,33115.0,0.3482,3.82,Jul 23 16:47,Jul 24 03:48,,327.66,18.75,9.73,651605568.0,254671.08,135.0,1.35,9.37
S1004,Success,6h 35m 14s,21,,13188.0,0.2196,0.16,Jul 22 18:34,Jul 23 01:09,,327.66,8.51,7.55,566415424.0,179130.88,55.36,0.48,8.24
S1030,Success,4h 57m 3s,15,,8237.0,0.1885,0.14,Jul 23 16:46,Jul 23 21:43,,327.66,7.19,5.44,557796800.0,175367.73,57.59,0.43,8.24
S1021,Success,12h 6m 39s,39,,20966.0,0.2777,2.17,Jul 23 16:49,Jul 24 04:55,,327.66,14.13,10.27,596031168.0,218239.58,104.27,0.58,11.55
S1027,Success,7h 54m 47s,24,,20791.0,0.276,1.95,Jul 23 16:54,Jul 24 00:49,,327.66,14.13,11.43,595912448.0,214080.11,50.89,0.58,11.55
S1023,Success,11h 14m 30s,36,,16263.0,0.2328,1.36,Jul 23 16:44,Jul 24 03:58,,327.66,10.42,9.01,611406336.0,299805.84,91.54,1.05,8.24
S1028,Success,6h 14m 14s,21,,16822.0,0.284,0.12,Jul 23 16:48,Jul 23 23:02,,327.66,7.61,6.54,557803072.0,152137.02,35.39,0.29,8.24
S1025,Success,13h 13m 47s,42,,20177.0,0.2597,0.18,Jul 23 16:46,Jul 24 06:00,,327.66,7.28,7.29,567706368.0,215572.77,49.33,0.47,8.24
S1029,Success,11h 1m 0s,36,,18269.0,0.2175,0.73,Jul 23 16:50,Jul 24 03:51,,327.66,10.14,8.64,614861888.0,262381.0,95.54,1.05,8.24
S1018,Success,7h 35m 51s,24,,16959.0,0.2679,0.12,Jul 23 16:44,Jul 24 00:20,,327.66,9.63,6.72,559287104.0,169412.98,53.94,0.44,8.24
S1036,Success,7h 0m 21s,24,,22924.0,0.3063,3.13,Jul 23 16:47,Jul 23 23:47,,327.66,23.16,12.42,665285440.0,313558.06,142.28,1.2,13.25
S1032,Success,6h 24m 56s,21,,15963.0,0.2798,0.1,Jul 23 16:47,Jul 23 23:12,,327.66,5.6,5.72,562531840.0,170476.25,31.52,0.31,8.24
S1033,Success,11h 14m 47s,36,,252007.0,3.274,4.52,Jul 23 16:54,Jul 24 04:09,,327.66,16.85,9.69,619890368.0,192770.03,229.54,0.58,11.55
S1031,Success,7h 12m 57s,24,,16932.0,0.2433,0.18,Jul 23 16:48,Jul 24 00:01,,327.66,5.98,6.96,576204096.0,192872.23,45.66,0.37,8.24
S1035,Success,6h 22m 53s,21,,31542.0,0.4954,2.33,Jul 23 16:47,Jul 23 23:09,,327.66,11.4,9.38,623580096.0,232892.16,193.66,0.52,8.71
S1034,Success,5h 52m 56s,18,,24073.0,0.4143,2.71,Jul 23 16:46,Jul 23 22:39,,327.66,12.11,11.61,587769664.0,279669.91,204.04,0.36,9.71
S1045,Success,7h 57m 2s,24,,16916.0,0.2526,0.17,Jul 23 16:49,Jul 24 00:46,,327.66,6.07,7.06,573762432.0,168208.03,104.28,0.26,8.24
S1044,Success,4h 32m 46s,15,,9354.0,0.1897,0.39,Jul 23 16:46,Jul 23 21:19,,327.66,11.83,8.74,580552768.0,271841.75,141.55,0.69,8.24
S1042,Success,7h 6m 35s,24,,18374.0,0.2688,2.26,Jul 23 16:46,Jul 23 23:52,,327.66,22.37,9.89,668123968.0,330033.56,143.99,1.51,13.06
S1038,Success,7h 45m 1s,24,,16796.0,0.2614,0.79,Jul 23 16:48,Jul 24 00:33,,327.66,6.95,8.55,579559552.0,196893.72,103.96,0.36,8.24
S1037,Success,6h 45m 1s,21,,18476.0,0.3042,0.18,Jul 23 16:50,Jul 23 23:35,,327.66,8.01,6.64,571219072.0,146860.11,115.15,0.33,8.24
S1026,Success,7h 20m 13s,24,,20082.0,0.3043,0.14,Jul 23 16:51,Jul 24 00:11,,327.66,6.96,5.69,567420544.0,197486.98,68.77,0.45,8.24
S1053,Success,3h 44m 20s,12,,8092.0,0.1641,0.18,Jul 23 16:50,Jul 23 20:34,,327.66,8.7,7.43,570140672.0,171697.62,50.57,0.63,8.24
S1041,Success,8h 6m 57s,27,,17434.0,0.2636,2.84,Jul 23 16:49,Jul 24 00:56,,327.66,12.33,8.86,590897344.0,292551.06,191.4,0.46,8.24
S1040,Success,7h 50m 8s,24,,17651.0,0.2825,0.34,Jul 23 16:50,Jul 24 00:40,,327.66,9.34,7.31,583276672.0,191980.8,209.77,0.29,8.24
S1039,Success,9h 26m 33s,30,,20740.0,0.275,2.19,Jul 23 16:54,Jul 24 02:20,,327.66,14.13,10.06,597704256.0,200876.39,51.06,0.58,11.55
S1043,Success,12h 13m 23s,39,,58816.0,0.767,4.17,Jul 23 16:53,Jul 24 05:06,,327.66,14.13,9.54,616936064.0,193445.77,124.99,0.58,11.55
S1049,Success,6h 27m 32s,21,,16155.0,0.2675,0.22,Jul 23 16:53,Jul 23 23:20,,327.66,7.23,6.4,579446400.0,225602.66,169.84,0.47,8.24
S1052,Success,3h 53m 5s,12,,9338.0,0.2007,0.18,Jul 23 16:50,Jul 23 20:43,,327.66,5.79,5.7,574410752.0,134744.88,84.09,0.4,8.24
S1048,Success,8h 14m 0s,27,,20734.0,0.275,2.44,Jul 23 16:59,Jul 24 01:13,,327.66,14.13,10.17,598024704.0,203430.27,163.7,0.58,11.55
S1051,Success,8h 36m 19s,27,,21416.0,0.2826,2.31,Jul 23 16:58,Jul 24 01:35,,327.66,14.13,10.03,600624000.0,199690.08,108.2,0.58,11.55
S1058,Success,3h 33m 56s,12,,8991.0,0.1954,0.22,Jul 23 16:50,Jul 23 20:24,,327.66,10.8,7.59,565704320.0,267467.12,78.14,0.58,8.24
S1046,Success,8h 3m 20s,27,,13651.0,0.2741,0.14,Jul 23 16:50,Jul 24 00:53,,327.66,6.49,5.57,557798592.0,145409.06,78.2,0.31,8.24
S1050,Success,7h 36m 37s,24,,18314.0,0.2511,1.7,Jul 23 16:55,Jul 24 00:32,,327.66,11.22,8.45,631324736.0,277802.53,138.21,0.84,8.24
S1062,Success,5h 19m 45s,18,,12986.0,0.2253,0.87,Jul 23 16:50,Jul 23 22:10,,327.66,11.39,9.26,576964224.0,319899.97,76.54,0.56,8.24
S1054,Success,7h 2m 2s,24,,17379.0,0.2566,0.24,Jul 23 16:55,Jul 23 23:57,,327.66,9.72,7.71,589623808.0,249991.03,131.44,0.57,8.24
S1066,Success,4h 9m 57s,15,,9917.0,0.1905,0.15,Jul 23 16:51,Jul 23 21:01,,327.66,7.45,7.17,574709312.0,214884.53,50.75,0.74,8.24
S1060,Success,3h 35m 39s,12,,8946.0,0.1962,0.15,Jul 23 16:50,Jul 23 20:26,,327.66,5.84,5.26,564970624.0,127507.43,42.07,0.46,8.24
S1055,Success,5h 42m 43s,18,,13528.0,0.2042,2.34,Jul 23 16:52,Jul 23 22:34,,327.66,12.23,9.76,616550528.0,268160.59,116.11,1.09,9.4
S1061,Success,8h 0m 59s,27,,20710.0,0.2751,2.44,Jul 23 16:58,Jul 24 00:59,,327.66,14.13,11.05,596179264.0,213700.23,37.72,0.58,11.55
S1056,Success,7h 31m 6s,24,,17713.0,0.2249,1.62,Jul 23 16:55,Jul 24 00:26,,327.66,19.21,9.16,650130240.0,253181.38,112.66,1.4,9.45
S1065,Success,5h 12m 21s,18,,12876.0,0.2202,0.73,Jul 23 16:50,Jul 23 22:03,,327.66,10.96,8.17,600604480.0,283311.12,69.02,1.08,8.24
S1064,Success,6h 27m 39s,21,,16952.0,0.2766,0.14,Jul 23 16:52,Jul 23 23:20,,327.66,7.18,5.63,557800256.0,142218.94,33.32,0.34,8.24
S1239,Success,7h 45m 47s,24,,21584.0,0.2961,1.63,Jul 23 16:58,Jul 24 00:44,,327.66,17.66,10.05,600719232.0,312444.12,156.8,0.67,8.27
S1240,Success,7h 3m 24s,24,,17415.0,0.2526,0.74,Jul 23 16:57,Jul 24 00:00,,327.66,7.88,8.46,573843328.0,301687.12,192.34,0.31,8.24
S1059,Success,11h 44m 7s,36,,20685.0,0.2744,2.16,Jul 23 16:58,Jul 24 04:42,,327.66,14.13,10.19,597431360.0,206118.28,63.54,0.58,11.55
S1057,Success,6h 20m 17s,21,,16241.0,0.2475,1.01,Jul 23 16:52,Jul 23 23:13,,327.66,6.34,6.82,580197440.0,227311.02,72.35,0.43,8.24
S1063,Success,11h 1m 0s,36,,19740.0,0.2599,0.59,Jul 23 16:59,Jul 24 04:00,,327.66,13.71,7.4,628121280.0,239993.7,94.45,1.16,8.24
S1244,Success,5h 19m 3s,18,,13494.0,0.2469,0.89,Jul 23 16:55,Jul 23 22:14,,327.66,5.82,6.31,575905088.0,169521.67,77.48,0.33,8.24
S1242,Success,4h 21m 45s,15,,10059.0,0.214,1.37,Jul 23 16:55,Jul 23 21:16,,327.66,9.35,7.88,566170880.0,236450.28,159.11,0.28,8.24
S1241,Success,9h 32m 4s,30,,23397.0,0.309,2.35,Jul 23 17:03,Jul 24 02:35,,327.66,14.13,11.45,598241856.0,194158.86,114.08,0.58,11.55
S1238,Success,11h 53m 39s,36,,22408.0,0.2973,2.31,Jul 23 17:03,Jul 24 04:56,,327.66,14.13,11.52,595539584.0,216812.05,174.74,0.58,11.55
S1246,Success,9h 51m 39s,30,,22240.0,0.3267,1.1,Jul 23 17:00,Jul 24 02:51,,327.66,10.81,8.57,586161280.0,238996.72,228.31,0.43,8.24
S1252,Success,4h 4m 22s,15,,9907.0,0.2274,0.27,Jul 23 16:55,Jul 23 21:00,,327.66,5.5,5.1,570709952.0,136677.28,105.81,0.31,8.24
S1250,Success,10h 22m 6s,33,,18299.0,0.2504,1.3,Jul 23 16:56,Jul 24 03:18,,327.66,13.81,9.58,599686208.0,310339.34,106.02,0.81,8.24
S1245,Success,8h 2m 14s,27,,20811.0,0.276,2.31,Jul 23 17:02,Jul 24 01:04,,327.66,14.13,11.52,595666112.0,215854.62,47.62,0.58,11.55
S1247,Success,8h 8m 40s,27,,15250.0,0.2859,0.63,Jul 23 16:55,Jul 24 01:03,,327.66,6.06,5.69,575226816.0,138201.28,221.75,0.37,8.24
S1249,Success,9h 13m 12s,30,,17013.0,0.2891,0.15,Jul 23 16:57,Jul 24 02:10,,327.66,6.04,7.12,570813760.0,169366.77,142.41,0.27,8.24
S1243,Success,6h 34m 7s,21,,16952.0,0.2711,0.14,Jul 23 16:57,Jul 23 23:31,,327.66,9.02,6.7,561024832.0,165210.59,118.38,0.29,8.24
S1067,Success,7h 9m 20s,24,,20060.0,0.3221,0.19,Jul 23 17:01,Jul 24 00:10,,327.66,5.74,5.49,574527424.0,123891.9,33.12,0.36,8.24
S1253,Success,5h 11m 28s,18,,12529.0,0.2396,0.12,Jul 23 16:54,Jul 23 22:05,,327.66,5.66,5.62,571028672.0,152899.81,61.77,0.23,8.24
S1248,Success,12h 24m 15s,39,,24802.0,0.3189,0.37,Jul 23 17:01,Jul 24 05:25,,327.66,9.01,8.02,602293056.0,280895.38,188.48,0.54,8.24
S1255,Success,6h 36m 29s,21,,17851.0,0.2932,0.17,Jul 23 16:57,Jul 23 23:34,,327.66,7.31,6.41,573314880.0,162213.09,135.03,0.43,8.24
S1261,Success,7h 14m 15s,24,,16998.0,0.2878,0.14,Jul 23 17:01,Jul 24 00:15,,327.66,5.66,6.12,572108608.0,161956.25,40.72,0.25,8.24
S1257,Success,5h 56m 47s,18,,14252.0,0.2762,0.18,Jul 23 17:00,Jul 23 22:57,,327.66,5.87,6.02,565543168.0,168323.25,133.24,0.36,8.24
S1251,Success,7h 18m 51s,24,,17876.0,0.2585,0.64,Jul 23 16:58,Jul 24 00:17,,327.66,6.27,6.83,579558592.0,198697.69,104.18,0.4,8.24
S1258,Success,7h 22m 48s,24,,14741.0,0.2369,0.19,Jul 23 17:01,Jul 24 00:24,,327.66,10.23,7.25,575943296.0,174832.2,117.65,0.63,8.24
S1265,Success,8h 1m 7s,27,,13393.0,0.2241,1.07,Jul 23 16:58,Jul 24 00:59,,327.66,7.19,6.84,579962944.0,171168.98,109.14,0.37,8.24
S1269,Success,4h 53m 0s,15,,9312.0,0.2033,0.15,Jul 23 16:58,Jul 23 21:51,,327.66,5.75,5.58,574705088.0,153534.81,51.27,0.22,8.24
S1254,Success,8h 40m 46s,27,,28579.0,0.3534,1.54,Jul 23 17:02,Jul 24 01:43,,327.66,10.48,8.79,603841984.0,229240.23,176.54,0.75,8.24
S1263,Success,7h 53m 29s,24,,20963.0,0.3143,0.21,Jul 23 17:01,Jul 24 00:55,,327.66,8.15,7.21,582321472.0,198119.88,128.35,0.59,8.24
S1256,Success,8h 26m 51s,27,,24460.0,0.3227,2.19,Jul 23 17:03,Jul 24 01:30,,327.66,14.13,11.52,595767808.0,216072.56,168.11,0.58,11.55
S1264,Success,5h 58m 3s,18,,14349.0,0.2475,0.17,Jul 23 16:58,Jul 23 22:56,,327.66,8.32,6.94,581399296.0,175172.86,121.0,0.77,8.24
S1267,Success,8h 23m 16s,27,,17175.0,0.2824,0.11,Jul 23 17:00,Jul 24 01:24,,327.66,5.78,5.73,574707968.0,162123.48,83.91,0.35,8.24
S1259,Success,9h 37m 17s,30,,21253.0,0.3112,0.17,Jul 23 17:04,Jul 24 02:41,,327.66,6.44,5.91,582514112.0,145747.03,89.11,0.66,8.24
S1262,Success,9h 17m 38s,30,,21639.0,0.2867,2.47,Jul 23 17:04,Jul 24 02:22,,327.66,14.13,11.53,595813632.0,218949.3,89.34,0.58,11.55
S1260,Success,9h 33m 9s,30,,20108.0,0.303,0.16,Jul 23 17:03,Jul 24 02:36,,327.66,7.87,7.06,563524864.0,177813.8,63.79,0.26,8.24
S1273,Success,7h 27m 52s,24,,14060.0,0.2247,0.17,Jul 23 16:59,Jul 24 00:27,,327.66,8.34,15.17,567245504.0,178833.05,124.36,0.44,8.24
S1274,Success,5h 23m 19s,18,,9651.0,0.1745,0.16,Jul 23 16:58,Jul 23 22:21,,327.66,10.58,8.03,574962624.0,177523.53,119.16,0.73,8.24
S1276,Success,8h 40m 23s,27,,16988.0,0.2606,0.12,Jul 23 17:00,Jul 24 01:40,,327.66,7.68,6.66,574882624.0,164570.14,79.71,0.35,8.24
S1277,Success,6h 38m 13s,21,,16802.0,0.3038,0.06,Jul 23 17:04,Jul 23 23:43,,327.66,5.49,5.5,570246656.0,128748.38,52.65,0.18,8.24
S1266,Success,10h 21m 17s,33,,21488.0,0.2934,0.16,Jul 23 17:03,Jul 24 03:25,,327.66,6.27,5.8,580687808.0,140654.95,89.42,0.83,8.24
S1268,Success,10h 38m 58s,33,,20195.0,0.274,0.22,Jul 23 17:03,Jul 24 03:42,,327.66,7.91,7.48,566781632.0,191273.88,68.54,0.31,8.24
S1280,Success,8h 42m 58s,27,,17684.0,0.2862,0.13,Jul 23 17:05,Jul 24 01:48,,327.66,5.66,6.07,571711488.0,167243.5,125.95,0.31,8.24
S1270,Success,11h 53m 51s,36,,22327.0,0.2955,2.17,Jul 23 17:04,Jul 24 04:58,,327.66,14.13,11.51,595972672.0,219365.25,123.59,0.58,11.55
S1272,Success,9h 29m 10s,30,,18618.0,0.2691,0.18,Jul 23 17:02,Jul 24 02:31,,327.66,8.58,6.44,584785024.0,173815.5,104.45,0.84,8.24
S1271,Success,11h 35m 28s,36,,20921.0,0.2778,1.96,Jul 23 17:03,Jul 24 04:38,,327.66,14.13,11.54,595775744.0,214923.39,105.81,0.58,11.55
S1284,Success,7h 21m 58s,24,,16810.0,0.3066,0.06,Jul 23 17:04,Jul 24 00:26,,327.66,5.42,5.36,559958528.0,133503.27,82.32,0.22,8.24
S1285,Success,7h 21m 48s,24,,16227.0,0.2778,0.22,Jul 23 17:03,Jul 24 00:25,,327.66,6.15,6.34,578868800.0,148114.94,55.75,0.24,8.24
S1282,Success,5h 0m 44s,18,,11949.0,0.2461,0.15,Jul 23 17:02,Jul 23 22:02,,327.66,5.74,5.97,569406848.0,176798.55,135.37,0.26,8.24
S1278,Success,6h 21m 5s,21,,16370.0,0.2819,0.13,Jul 23 17:03,Jul 23 23:24,,327.66,7.13,5.66,557806720.0,146475.33,130.63,0.33,8.24
S1283,Success,6h 2m 35s,21,,13958.0,0.2421,0.16,Jul 23 17:03,Jul 23 23:06,,327.66,7.05,5.8,567265024.0,138683.88,80.27,0.54,8.24
S1275,Success,10h 59m 46s,33,,21135.0,0.2799,2.32,Jul 23 17:05,Jul 24 04:05,,327.66,14.13,11.53,596838528.0,225885.67,70.72,0.58,11.55
S1316,Success,4h 55m 50s,15,,9432.0,0.2131,0.2,Jul 23 17:03,Jul 23 21:58,,327.66,5.97,5.94,561928576.0,172648.7,100.09,0.47,8.24
S1310,Success,13h 3m 1s,42,,54321.0,0.631,3.2,Jul 23 17:06,Jul 24 06:09,,327.66,15.95,13.8,637261312.0,331173.66,197.33,0.71,14.02
S1319,Success,3h 48m 20s,12,,9333.0,0.2046,0.16,Jul 23 17:03,Jul 23 20:51,,327.66,7.16,5.7,563476416.0,174912.91,213.83,0.49,8.24
S1313,Success,8h 19m 5s,27,,18996.0,0.2339,8.08,Jul 23 17:04,Jul 24 01:23,,327.66,20.82,15.74,640350848.0,341993.44,141.98,1.79,14.61
S1279,Success,10h 33m 21s,33,,21143.0,0.2825,0.18,Jul 23 17:07,Jul 24 03:40,,327.66,6.21,5.67,575522816.0,140150.05,114.93,0.67,8.24
S1323,Success,4h 15m 52s,15,,9881.0,0.1804,1.86,Jul 23 17:07,Jul 23 21:23,,327.66,10.24,9.18,608917120.0,330125.94,101.9,0.99,8.24
S1311,Success,8h 0m 55s,27,,23054.0,0.3744,1.77,Jul 23 17:05,Jul 24 01:06,,327.66,12.17,10.45,570088448.0,225225.23,225.42,0.26,9.17
S1314,Success,9h 1m 4s,30,,19809.0,0.292,1.91,Jul 23 17:06,Jul 24 02:07,,327.66,8.61,9.69,577833600.0,239105.2,151.33,0.22,8.24
S1315,Success,12h 43m 36s,39,,19535.0,0.2118,2.26,Jul 23 17:07,Jul 24 05:51,,327.66,15.85,9.5,616865792.0,329722.94,96.2,1.54,8.84
S1318,Success,11h 59m 33s,36,,19685.0,0.2722,3.79,Jul 23 17:09,Jul 24 05:09,,327.66,6.17,7.63,577462464.0,234741.2,209.1,0.49,8.24
S1322,Success,5h 58m 13s,18,,16864.0,0.2976,0.1,Jul 23 17:09,Jul 23 23:07,,327.66,5.88,5.26,560642240.0,141122.25,124.54,0.4,8.24
S1317,Success,8h 7m 46s,27,,16931.0,0.282,0.1,Jul 23 17:05,Jul 24 01:13,,327.66,6.9,6.2,566960192.0,149692.36,41.64,0.39,8.24
S1312,Success,13h 22m 16s,42,,119509.0,1.546,3.93,Jul 23 17:10,Jul 24 06:32,,327.66,15.77,9.65,640979904.0,196517.55,158.9,0.58,11.55
S1320,Success,8h 53m 14s,27,,29960.0,0.3502,3.74,Jul 23 17:06,Jul 24 01:59,,327.66,23.27,12.61,677664320.0,302019.41,136.66,1.32,14.62
S1281,Success,8h 38m 12s,27,,21199.0,0.2809,2.19,Jul 23 17:10,Jul 24 01:48,,327.66,14.13,11.53,596688128.0,225576.7,89.32,0.58,11.55
S1330,Success,5h 7m 48s,18,,9182.0,0.1682,0.43,Jul 23 17:06,Jul 23 22:14,,327.66,10.59,7.99,584758976.0,218885.97,138.57,0.88,8.24
S1325,Success,6h 43m 6s,21,,12428.0,0.2227,0.14,Jul 23 17:06,Jul 23 23:49,,327.66,6.88,7.72,567662912.0,227239.14,54.98,0.32,8.24
S1321,Success,8h 58m 52s,27,,33501.0,0.44,4.23,Jul 23 17:13,Jul 24 02:12,,327.66,14.13,11.5,603392832.0,203588.55,151.31,0.58,11.55
S1327,Success,6h 6m 35s,21,,12880.0,0.249,0.22,Jul 23 17:06,Jul 23 23:13,,327.66,8.63,6.11,562367488.0,191158.77,158.76,0.39,8.24
S1328,Success,8h 6m 4s,27,,16882.0,0.2628,0.19,Jul 23 17:10,Jul 24 01:16,,327.66,7.32,6.04,572874112.0,181757.56,184.68,0.52,8.24
S1324,Success,7h 45m 5s,24,,20134.0,0.2658,0.16,Jul 23 17:12,Jul 24 00:57,,327.66,8.68,7.4,588386368.0,155449.05,73.27,0.51,8.24
S1335,Success,7h 14m 9s,24,,17376.0,0.2341,0.72,Jul 23 17:10,Jul 24 00:24,,327.66,10.36,9.15,592387136.0,291758.38,124.07,0.63,8.24
S1329,Success,10h 30m 16s,33,,17584.0,0.2135,1.92,Jul 23 17:11,Jul 24 03:41,,327.66,19.71,10.35,647254400.0,261244.08,114.1,1.31,10.42
S1326,Success,8h 28m 44s,27,,17333.0,0.2509,0.46,Jul 23 17:10,Jul 24 01:39,,327.66,9.81,8.37,593679872.0,300503.41,193.49,0.64,8.24
S1332,Success,5h 17m 41s,18,,13692.0,0.2355,0.18,Jul 23 17:06,Jul 23 22:24,,327.66,8.75,6.62,580081536.0,158603.42,54.81,0.6,8.24
S1338,Success,5h 21m 41s,18,,12061.0,0.2068,0.95,Jul 23 17:06,Jul 23 22:28,,327.66,9.8,8.82,589388096.0,308268.69,85.9,0.78,8.24
S1442,Success,6h 57m 9s,21,,17605.0,0.3062,0.71,Jul 23 17:12,Jul 24 00:09,,327.66,10.79,7.29,561022464.0,184413.38,128.83,0.12,8.24
S1334,Success,4h 54m 25s,15,,12925.0,0.2424,0.23,Jul 23 17:06,Jul 23 22:01,,327.66,6.15,5.98,571029568.0,276615.19,94.71,0.54,8.24
S1336,Success,5h 15m 48s,18,,13661.0,0.2464,0.18,Jul 23 17:07,Jul 23 22:22,,327.66,8.72,6.35,563518848.0,166554.78,62.78,0.4,8.24
S1340,Success,4h 56m 57s,15,,12359.0,0.2219,0.23,Jul 23 17:05,Jul 23 22:02,,327.66,6.41,6.11,576054912.0,185296.58,48.6,0.67,8.24
S1341,Success,3h 42m 5s,12,,9298.0,0.205,0.08,Jul 23 17:10,Jul 23 20:52,,327.66,5.72,5.74,567882496.0,176285.23,25.3,0.28,8.24
S1331,Success,8h 13m 59s,27,,20727.0,0.2744,2.16,Jul 23 17:13,Jul 24 01:27,,327.66,14.13,10.2,597624832.0,207509.53,93.56,0.58,11.55
S1444,Success,7h 47m 1s,24,,18232.0,0.2996,0.56,Jul 23 17:14,Jul 24 01:01,,327.66,10.06,7.17,564329344.0,165152.94,131.26,0.09,8.24
S1333,Success,5h 52m 16s,18,,16252.0,0.2838,0.19,Jul 23 17:07,Jul 23 22:59,,327.66,5.86,5.62,575856704.0,158343.08,42.42,0.27,8.24
S1337,Success,10h 19m 51s,33,,18825.0,0.2356,1.18,Jul 23 17:13,Jul 24 03:33,,327.66,10.31,8.23,581110720.0,251763.02,87.98,0.81,8.24
S1447,Success,5h 35m 24s,18,,13130.0,0.2221,0.62,Jul 23 17:09,Jul 23 22:45,,327.66,9.99,7.29,569351616.0,167809.97,100.6,0.21,8.24
S1446,Success,4h 34m 2s,15,,11010.0,0.2493,0.84,Jul 23 17:10,Jul 23 21:44,,327.66,6.22,6.21,557798528.0,122587.72,117.28,0.27,8.24
S1339,Success,8h 23m 36s,27,,20665.0,0.2742,1.96,Jul 23 17:15,Jul 24 01:38,,327.66,14.13,11.3,596650944.0,210045.91,68.95,0.58,11.55
S1454,Success,4h 53m 4s,15,,12614.0,0.2507,0.44,Jul 23 17:09,Jul 23 22:02,,327.66,10.58,7.96,558325440.0,297051.34,94.01,0.39,8.24
S1443,Success,9h 23m 14s,30,,22272.0,0.3087,1.42,Jul 23 17:15,Jul 24 02:38,,327.66,9.9,7.57,570995072.0,286748.5,139.09,0.25,8.24
S1445,Success,7h 9m 16s,24,,17245.0,0.2908,0.46,Jul 23 17:13,Jul 24 00:22,,327.66,5.63,6.41,568287488.0,156693.3,114.36,0.12,8.24
S1452,Success,5h 49m 19s,18,,14892.0,0.2635,1.9,Jul 23 17:10,Jul 23 22:59,,327.66,11.48,8.0,571704896.0,264416.69,133.69,0.26,8.24
S1449,Success,7h 10m 43s,24,,19008.0,0.3095,1.25,Jul 23 17:12,Jul 24 00:22,,327.66,10.89,7.34,557823936.0,226302.69,172.9,0.23,8.24
S1455,Success,7h 14m 44s,24,,13727.0,0.2538,0.66,Jul 23 17:10,Jul 24 00:25,,327.66,5.61,6.44,572422720.0,195994.69,82.8,0.2,8.24
S1448,Success,6h 36m 39s,21,,16263.0,0.2546,0.14,Jul 23 17:11,Jul 23 23:47,,327.66,10.16,6.95,558272448.0,174754.19,70.77,0.17,8.24
S1462,Success,3h 28m 10s,12,,8605.0,0.1955,0.09,Jul 23 17:13,Jul 23 20:41,,327.66,5.58,5.63,573094912.0,129506.95,79.06,0.25,8.24
S1453,Success,6h 40m 34s,21,,17304.0,0.2907,0.5,Jul 23 17:12,Jul 23 23:53,,327.66,8.64,6.43,557807872.0,214271.75,115.41,0.2,8.24
S1450,Success,8h 51m 4s,27,,23342.0,0.3316,2.03,Jul 23 17:14,Jul 24 02:05,,327.66,15.22,6.68,576251520.0,305461.47,140.21,0.56,8.24
S1461,Success,6h 13m 2s,21,,13307.0,0.2367,0.79,Jul 23 17:14,Jul 23 23:27,,327.66,9.03,8.14,567043264.0,217599.94,102.44,0.41,8.24
S1451,Success,9h 54m 9s,30,,23827.0,0.3125,2.36,Jul 23 17:17,Jul 24 03:11,,327.66,16.44,11.49,592656192.0,185859.02,164.99,0.58,11.55
S1465,Success,5h 19m 41s,18,,15575.0,0.279,0.32,Jul 23 17:13,Jul 23 22:33,,327.66,10.54,6.31,590049408.0,265150.31,144.68,0.66,8.24
S1460,Success,7h 46m 52s,24,,17207.0,0.2592,0.69,Jul 23 17:12,Jul 24 00:59,,327.66,10.61,9.13,568376896.0,217070.44,126.55,0.34,8.24
S1458,Success,11h 59m 53s,36,,23093.0,0.303,2.18,Jul 23 17:16,Jul 24 05:15,,327.66,14.13,11.48,595195264.0,212328.81,186.52,0.58,11.55
S1456,Success,10h 50m 55s,33,,22047.0,0.2945,1.03,Jul 23 17:14,Jul 24 04:05,,327.66,13.13,8.86,595092032.0,269327.56,188.25,0.56,8.24
S1468,Success,6h 26m 52s,21,,16273.0,0.247,0.21,Jul 23 17:15,Jul 23 23:42,,327.66,6.78,7.31,566867968.0,191605.98,104.61,0.3,8.24
S1457,Success,9h 26m 49s,30,,19504.0,0.2659,2.71,Jul 23 17:11,Jul 24 02:37,,327.66,17.0,11.12,601956608.0,313257.31,172.66,0.69,9.44
S1471,Success,7h 40m 56s,24,,18646.0,0.2756,0.36,Jul 23 17:16,Jul 24 00:57,,327.66,7.78,7.43,569270592.0,193535.23,172.68,0.51,8.24
S1464,Success,6h 28m 25s,21,,17767.0,0.2918,0.18,Jul 23 17:15,Jul 23 23:43,,327.66,6.11,6.79,574116352.0,193902.62,194.68,0.38,8.24
S1472,Success,7h 28m 9s,24,,20722.0,0.3081,2.67,Jul 23 17:15,Jul 24 00:43,,327.66,9.82,7.07,572457856.0,180390.77,199.11,0.55,8.24
S1474,Success,5h 27m 30s,18,,15305.0,0.2515,0.17,Jul 23 17:14,Jul 23 22:41,,327.66,7.77,6.56,577145408.0,172266.7,107.33,0.7,8.24
S1467,Success,6h 53m 59s,21,,17537.0,0.2505,0.7,Jul 23 17:15,Jul 24 00:09,,327.66,11.07,8.29,581315584.0,199696.91,110.11,0.63,8.24
S1473,Success,7h 37m 39s,24,,18759.0,0.3012,0.4,Jul 23 17:17,Jul 24 00:54,,327.66,6.21,6.97,564606784.0,195370.22,165.68,0.39,8.24
S1463,Success,8h 41m 49s,27,,25486.0,0.3341,2.16,Jul 23 17:19,Jul 24 02:01,,327.66,14.13,11.52,595368000.0,216620.42,220.06,0.58,11.55
S1466,Success,8h 35m 11s,27,,23831.0,0.2864,1.06,Jul 23 17:18,Jul 24 01:53,,327.66,10.35,8.58,600789696.0,211182.55,124.28,0.8,8.24
S1459,Success,11h 52m 40s,36,,23930.0,0.3125,2.36,Jul 23 17:18,Jul 24 05:11,,327.66,14.97,11.53,597532544.0,256755.09,117.88,0.58,11.55
S1470,Success,9h 41m 38s,30,,32745.0,0.4295,3.64,Jul 23 17:21,Jul 24 03:03,,327.66,14.13,11.48,595880192.0,214525.69,209.17,0.58,11.55
S1483,Success,7h 39m 11s,24,,17501.0,0.2858,2.1,Jul 23 17:23,Jul 24 01:02,,327.66,10.22,10.65,567943104.0,174142.59,45.15,0.48,8.24
S1480,Success,6h 57m 33s,21,,13958.0,0.2412,0.17,Jul 23 17:14,Jul 24 00:11,,327.66,6.01,6.61,577078656.0,168861.5,122.88,0.42,8.24
S1484,Success,8h 16m 52s,27,,21509.0,0.2855,2.19,Jul 23 17:26,Jul 24 01:43,,327.66,14.13,11.53,595688512.0,214802.75,103.61,0.58,11.55
S1475,Success,7h 24m 49s,24,,20673.0,0.3073,0.16,Jul 23 17:17,Jul 24 00:42,,327.66,6.45,6.1,573961152.0,161822.95,91.83,0.41,8.24
S1476,Success,6h 48m 42s,21,,16820.0,0.2514,0.72,Jul 23 17:15,Jul 24 00:04,,327.66,12.95,10.87,558721600.0,246903.12,70.29,0.36,8.52
S1479,Success,10h 31m 28s,33,,23340.0,0.3079,2.34,Jul 23 17:19,Jul 24 03:51,,327.66,14.13,10.32,597012608.0,224645.23,123.43,0.58,11.55
S1481,Success,6h 39m 27s,21,,11579.0,0.2153,2.78,Jul 23 17:17,Jul 23 23:56,,327.66,11.88,12.7,569582848.0,303405.0,129.02,0.36,11.05
S1478,Success,9h 12m 37s,30,,19189.0,0.3084,0.8,Jul 23 17:16,Jul 24 02:29,,327.66,5.8,6.25,575929024.0,139626.45,188.76,0.3,8.24
S1469,Success,8h 5m 11s,27,,20872.0,0.277,2.3,Jul 23 17:19,Jul 24 01:25,,327.66,14.13,11.52,595590016.0,215659.25,62.61,0.58,11.55
S1490,Success,3h 50m 2s,12,,8294.0,0.1954,0.09,Jul 23 17:17,Jul 23 21:07,,327.66,7.16,5.82,557800576.0,154761.41,79.42,0.25,8.24
S1485,Success,7h 4m 52s,24,,18432.0,0.287,0.44,Jul 23 17:22,Jul 24 00:26,,327.66,10.44,8.85,558374720.0,168846.33,144.72,0.39,8.24
S1582,Success,10h 17m 15s,33,,17031.0,0.2904,0.36,Jul 23 17:20,Jul 24 03:37,,327.66,5.55,6.53,559568896.0,152321.19,80.01,0.18,8.24
S1482,Success,11h 17m 17s,36,,20943.0,0.2782,2.16,Jul 23 17:23,Jul 24 04:41,,327.66,14.13,11.54,595730560.0,214431.06,97.18,0.58,11.55
S1587,Success,4h 35m 15s,15,,9925.0,0.2142,0.18,Jul 23 17:18,Jul 23 21:54,,327.66,5.64,6.31,561583872.0,150033.05,75.15,0.14,8.24
S1487,Success,8h 48m 34s,27,,16936.0,0.2373,2.92,Jul 23 17:19,Jul 24 02:08,,327.66,17.36,12.86,565404416.0,234788.0,105.52,0.4,11.91
S1477,Success,8h 22m 32s,27,,30365.0,0.4002,3.45,Jul 23 17:19,Jul 24 01:41,,327.66,14.13,11.53,596042432.0,221461.3,209.88,0.58,11.55
S1489,Success,8h 56m 32s,27,,20398.0,0.2983,0.63,Jul 23 17:22,Jul 24 02:18,,327.66,11.28,9.8,559898176.0,230757.48,64.97,0.48,8.24
S1583,Success,7h 23m 49s,24,,18533.0,0.2849,0.34,Jul 23 17:22,Jul 24 00:46,,327.66,8.07,6.52,565995712.0,197994.55,97.07,0.37,8.24
S1581,Success,8h 55m 5s,27,,17457.0,0.2572,0.55,Jul 23 17:23,Jul 24 02:18,,327.66,7.84,7.53,570177152.0,209290.19,75.03,0.18,8.24
S1488,Success,9h 18m 34s,30,,21285.0,0.282,2.24,Jul 23 17:24,Jul 24 02:42,,327.66,14.13,11.53,596574592.0,227055.0,86.88,0.58,11.55
S1585,Success,11h 12m 15s,36,,17430.0,0.2593,0.15,Jul 23 17:22,Jul 24 04:34,,327.66,10.59,7.32,558705920.0,232662.52,67.17,0.19,8.24
S1589,Success,10h 15m 19s,33,,21579.0,0.285,2.41,Jul 23 17:25,Jul 24 03:41,,327.66,14.13,10.21,591239808.0,209293.28,103.36,0.58,11.55
S1486,Success,7h 11m 21s,24,,18554.0,0.2597,1.35,Jul 23 17:22,Jul 24 00:33,,327.66,13.6,11.83,585931776.0,255065.52,112.14,0.9,10.99
S1594,Success,5h 39m 4s,18,,13068.0,0.2212,1.22,Jul 23 17:22,Jul 23 23:01,,327.66,6.14,7.62,577998336.0,171626.94,91.17,0.14,8.24
S1586,Success,11h 31m 11s,36,,19974.0,0.321,0.14,Jul 23 17:24,Jul 24 04:55,,327.66,5.45,6.15,567211456.0,161371.2,64.14,0.16,8.24
S1584,Success,13h 37m 27s,42,,21261.0,0.2802,2.35,Jul 23 17:25,Jul 24 07:03,,327.66,14.13,11.83,584696128.0,231882.23,88.55,0.58,11.55
S1602,Success,4h 34m 15s,15,,10679.0,0.2078,1.24,Jul 23 17:23,Jul 23 21:58,,327.66,10.07,9.06,559989248.0,272988.81,113.6,0.48,8.24
S1591,Success,7h 17m 25s,24,,17258.0,0.2802,2.88,Jul 23 17:23,Jul 24 00:41,,327.66,12.66,13.81,571448896.0,325864.03,108.19,0.29,11.45
S1596,Success,7h 20m 58s,24,,13461.0,0.2461,2.85,Jul 23 17:22,Jul 24 00:43,,327.66,11.37,12.86,571281856.0,308727.06,40.14,0.24,11.44
S1593,Success,7h 30m 42s,24,,17767.0,0.2768,1.39,Jul 23 17:24,Jul 24 00:55,,327.66,14.08,11.45,568758656.0,304369.91,110.68,0.44,9.74
S1588,Success,8h 13m 14s,27,,19996.0,0.3231,0.12,Jul 23 17:23,Jul 24 01:37,,327.66,7.43,5.48,557796992.0,138300.98,35.49,0.22,8.24
S1603,Success,3h 40m 5s,12,,8431.0,0.1867,0.33,Jul 23 17:22,Jul 23 21:02,,327.66,10.89,10.13,561849536.0,256793.75,109.71,0.15,8.24
S1590,Success,11h 19m 37s,36,,22682.0,0.2972,3.39,Jul 23 17:24,Jul 24 04:43,,327.66,12.18,13.4,571419392.0,319124.97,133.84,0.67,11.47
S1595,Success,10h 58m 33s,33,,20696.0,0.2747,2.43,Jul 23 17:29,Jul 24 04:28,,327.66,14.13,11.57,594636160.0,213866.73,51.24,0.58,11.55
S1601,Success,7h 2m 14s,24,,16426.0,0.2403,3.46,Jul 23 17:24,Jul 24 00:26,,327.66,17.32,13.01,570436224.0,241069.72,124.53,0.45,12.92
S1592,Success,7h 13m 39s,24,,16786.0,0.2345,0.87,Jul 23 17:24,Jul 24 00:37,,327.66,12.61,11.2,567547136.0,248841.52,88.62,0.27,9.25
S1598,Success,11h 22m 59s,36,,19778.0,0.2737,2.9,Jul 23 17:26,Jul 24 04:49,,327.66,18.08,12.99,581491136.0,324670.44,186.09,0.65,11.38
S1597,Success,12h 38m 57s,39,,23028.0,0.2802,4.49,Jul 23 17:27,Jul 24 06:06,,327.66,21.12,11.28,588268672.0,339837.91,199.43,0.67,10.51
S1600,Success,10h 47m 25s,33,,22456.0,0.2915,2.33,Jul 23 17:32,Jul 24 04:19,,327.66,16.4,11.5,584333312.0,245028.2,116.27,0.58,11.55
S1599,Success,12h 12m 45s,39,,21617.0,0.2845,2.25,Jul 23 17:28,Jul 24 05:41,,327.66,14.13,11.54,593622528.0,211104.86,133.25,0.58,11.55
S1611,Success,7h 11m 7s,24,,16904.0,0.2578,2.92,Jul 23 17:28,Jul 24 00:39,,327.66,10.83,12.31,570751872.0,303902.12,90.32,0.32,10.72
S1605,Success,9h 21m 38s,30,,22697.0,0.2975,2.42,Jul 23 17:29,Jul 24 02:51,,327.66,14.13,11.52,594427264.0,207554.72,185.83,0.58,11.55
S1607,Success,7h 5m 54s,24,,17910.0,0.2541,0.43,Jul 23 17:25,Jul 24 00:31,,327.66,6.3,7.17,581129472.0,186245.53,167.14,0.44,8.24
S1604,Success,6h 14m 18s,21,,16857.0,0.2859,0.1,Jul 23 17:25,Jul 23 23:39,,327.66,5.85,5.91,575856832.0,178510.64,46.45,0.27,8.24
S1612,Success,5h 17m 41s,18,,9183.0,0.1863,0.13,Jul 23 17:25,Jul 23 22:43,,327.66,8.48,6.65,561630656.0,161890.34,53.08,0.38,8.24
S1609,Success,8h 53m 10s,27,,14619.0,0.2199,1.06,Jul 23 17:23,Jul 24 02:16,,327.66,10.81,9.2,583083072.0,246715.44,115.92,0.77,8.24
S1610,Success,10h 57m 20s,33,,18596.0,0.2652,0.24,Jul 23 17:26,Jul 24 04:23,,327.66,9.92,6.45,581941696.0,171810.38,91.41,0.8,8.24
S1606,Success,7h 11m 13s,24,,19176.0,0.2786,1.44,Jul 23 17:24,Jul 24 00:35,,327.66,13.64,9.79,597653184.0,279991.41,209.1,0.82,8.24
S1617,Success,9h 35m 23s,30,,19479.0,0.2868,1.49,Jul 23 17:29,Jul 24 03:04,,327.66,13.53,7.64,590433856.0,283050.94,114.85,0.81,8.24
S1608,Success,11h 14m 10s,36,,17966.0,0.2488,1.25,Jul 23 17:25,Jul 24 04:39,,327.66,10.33,9.84,594477888.0,280744.09,121.42,0.84,8.24
S1613,Success,8h 29m 10s,27,,19854.0,0.3043,0.87,Jul 23 17:27,Jul 24 01:57,,327.66,11.3,9.74,571705792.0,248868.91,205.29,0.48,8.24
S1618,Success,6h 28m 23s,21,,12316.0,0.24,0.18,Jul 23 17:26,Jul 23 23:54,,327.66,5.76,5.96,574327168.0,136625.23,130.89,0.22,8.24
S1625,Success,5h 56m 42s,18,,13144.0,0.2395,2.26,Jul 23 17:26,Jul 23 23:23,,327.66,14.16,12.1,562183232.0,234304.7,148.93,0.34,11.25
S1614,Success,10h 4m 54s,33,,28110.0,0.3828,2.98,Jul 23 17:31,Jul 24 03:36,,327.66,9.63,7.56,600167296.0,228488.56,201.05,0.69,8.24
S1621,Success,11h 0m 58s,36,,24689.0,0.3563,4.26,Jul 23 17:28,Jul 24 04:29,,327.66,7.96,9.12,589794944.0,297414.59,187.67,0.71,8.24
S1616,Success,9h 19m 41s,30,,20726.0,0.2654,2.7,Jul 23 17:28,Jul 24 02:47,,327.66,13.01,10.78,605579072.0,236856.95,128.79,1.11,8.37
S1615,Success,10h 6m 38s,33,,22418.0,0.2869,0.88,Jul 23 17:31,Jul 24 03:37,,327.66,9.01,10.32,575847168.0,243309.58,199.2,0.42,8.93
S1626,Success,7h 35m 30s,24,,17048.0,0.2498,0.21,Jul 23 17:28,Jul 24 01:04,,327.66,7.58,7.04,575478016.0,203858.95,114.13,0.34,8.24
S1619,Success,10h 15m 20s,33,,16154.0,0.2293,3.68,Jul 23 17:27,Jul 24 03:43,,327.66,13.27,13.85,573150400.0,310729.84,96.16,0.26,12.64
S1624,Success,7h 55m 14s,24,,20346.0,0.2898,2.59,Jul 23 17:29,Jul 24 01:24,,327.66,10.05,9.47,583140416.0,233589.27,120.37,0.76,8.33
S1620,Success,12h 20m 36s,39,,20797.0,0.2762,2.4,Jul 23 17:33,Jul 24 05:54,,327.66,14.13,11.53,595478848.0,215271.22,42.85,0.58,11.55
S1627,Success,6h 9m 59s,21,,13932.0,0.24,0.35,Jul 23 17:26,Jul 23 23:36,,327.66,9.25,9.04,571110464.0,237687.34,69.97,0.57,8.24
S1622,Success,9h 43m 15s,30,,29085.0,0.3813,2.18,Jul 23 17:34,Jul 24 03:17,,327.66,14.13,11.52,595956096.0,199761.62,157.35,0.58,11.55
S1623,Success,8h 49m 41s,27,,21913.0,0.3088,2.68,Jul 23 17:31,Jul 24 02:21,,327.66,10.32,10.06,572687360.0,282828.56,178.88,0.44,8.52
S1628,Success,6h 43m 51s,21,,16853.0,0.3048,0.05,Jul 23 17:29,Jul 24 00:13,,327.66,5.63,5.4,570406912.0,132661.59,46.27,0.29,8.24
S1636,Success,3h 50m 16s,12,,9127.0,0.197,0.42,Jul 23 17:29,Jul 23 21:20,,327.66,9.37,9.48,569567744.0,220444.39,56.15,0.31,8.24
S1630,Success,7h 10m 7s,24,,21079.0,0.3039,2.8,Jul 23 17:27,Jul 24 00:37,,327.66,11.36,12.65,576507392.0,305246.66,170.89,0.63,10.68
S1644,Success,3h 24m 14s,12,,8196.0,0.1791,0.15,Jul 24 01:45,Jul 24 05:09,,327.66,5.75,7.2,573954368.0,214748.05,66.94,0.18,8.24
S1635,Success,6h 25m 35s,21,,16379.0,0.2701,0.97,Jul 23 17:31,Jul 23 23:57,,327.66,11.38,9.71,560326208.0,201302.59,78.62,0.38,8.81
S1639,Success,6h 47m 26s,21,,18014.0,0.2717,0.93,Jul 23 17:31,Jul 24 00:19,,327.66,9.19,9.71,567931136.0,215862.8,125.68,0.61,8.48
S1632,Success,7h 7m 46s,24,,18342.0,0.2703,0.62,Jul 23 17:32,Jul 24 00:40,,327.66,9.83,10.42,571691520.0,285751.41,138.01,0.47,8.24
S1637,Success,10h 36m 49s,33,,17482.0,0.2819,1.46,Jul 23 17:32,Jul 24 04:09,,327.66,12.51,10.41,564217920.0,200242.36,218.31,0.33,9.54
S1631,Success,9h 27m 13s,30,,25950.0,0.3405,2.38,Jul 23 17:37,Jul 24 03:04,,327.66,14.13,11.53,597619264.0,198513.62,131.26,0.58,11.55
S1640,Success,6h 30m 28s,21,,16649.0,0.2507,0.13,Jul 23 17:31,Jul 24 00:01,,327.66,6.43,6.72,565945664.0,164304.91,142.07,0.32,8.24
S1633,Success,6h 35m 40s,21,,16524.0,0.2566,2.63,Jul 23 17:31,Jul 24 00:07,,327.66,10.43,12.49,571865536.0,297501.78,156.21,0.24,10.91
S1642,Success,4h 54m 2s,15,,13379.0,0.2481,0.19,Jul 23 17:30,Jul 23 22:24,,327.66,5.86,5.6,575856704.0,127350.96,86.73,0.49,8.24
S1629,Success,12h 23m 45s,39,,22009.0,0.2939,2.88,Jul 23 17:30,Jul 24 05:54,,327.66,10.43,12.6,571865536.0,304385.88,191.49,0.35,10.91
S1643,Success,6h 19m 26s,21,,17762.0,0.2877,0.15,Jul 23 17:33,Jul 23 23:53,,327.66,5.72,6.12,568847360.0,163656.56,65.06,0.37,8.24
S1634,Success,7h 46m 38s,24,,20502.0,0.279,0.17,Jul 23 17:34,Jul 24 01:21,,327.66,8.15,6.76,557823936.0,171897.88,100.62,0.35,8.24
S1638,Success,8h 4m 42s,27,,23503.0,0.3114,2.47,Jul 23 17:35,Jul 24 01:40,,327.66,14.13,11.53,595888320.0,214925.61,180.84,0.58,11.55
S1641,Success,7h 46m 12s,24,,21198.0,0.2815,2.18,Jul 23 17:36,Jul 24 01:22,,327.66,14.13,11.53,595686656.0,219634.16,140.83,0.58,11.55
