folder,vol_error_af,vol_error_pct,start_time,end_time,max_wse,max_depth,max_face_velocity,max_velocity,max_volume,max_flow_balance,max_wind_EventCond,max_prcp_EventCond,max_bc_flow_EventCond,max_bc_stage_EventCond,max_IC_elevation,unique_manning,unique_cell_infiltration_initial_deficit,unique_cell_infiltration_maximum_deficit,unique_cell_infiltration_pot_percolation_rate,unique_cell_impervious_pct_imper
S0168,9967.6591796875,0.4538278579711914,12Jul2000 00:15:00,16Jul2000 06:00:00,327.6592712402344,7.933371543884277,9.153080940246582,9696.80391601571,558536448.0,138176.328125,,,,,,14,,,,
S0707,18383.84765625,0.4645269811153412,10Jul2000 00:15:00,17Jul2000 06:00:00,327.6592712402344,5.873870849609375,13.323440551757812,22826.485625000067,574167488.0,151719.328125,,,,,,14,,,,
S0192,20137.60546875,0.43558233976364136,09Jul2000 00:15:00,17Jul2000 06:00:00,327.6592712402344,8.79627799987793,11.545823097229004,28179.3538671875,558511360.0,163631.390625,,,,,,14,,,,
S0725,17080.3984375,0.5134177803993225,10Jul2000 00:15:00,17Jul2000 00:00:00,327.6592712402344,8.174810409545898,15.528523445129395,20481.958554687575,558455808.0,157992.4375,,,,,,14,,,,
S0122,43501.515625,0.9074916839599609,09Jul2000 00:15:00,17Jul2000 12:00:00,327.6592712402344,8.350016593933105,10.947521209716797,27660.477968750107,579449216.0,175647.234375,176.20193481445312,,,5.351766109466553,21.670000076293945,14,,,,
S0434,22040.3203125,0.44000980257987976,09Jul2000 00:15:00,17Jul2000 12:00:00,327.6592712402344,7.943826675415039,12.700050354003906,30252.023554687563,562312640.0,168306.640625,158.39695739746094,,,5.304665565490723,21.670000076293945,14,,,,
S0743,20428.734375,0.4276360869407654,09Jul2000 00:15:00,17Jul2000 06:00:00,327.6592712402344,9.616477966308594,11.170559883117676,26988.50429687517,599412864.0,158500.1875,,,,,,14,,,,
S0126,12884.80078125,0.2903560698032379,11Jul2000 09:15:00,16Jul2000 12:00:00,327.6592712402344,17.116771697998047,18.405298233032227,,,,,,,,,14,,,,
S0452,24602.12890625,0.6041921973228455,10Jul2000 00:15:00,17Jul2000 06:00:00,327.6592712402344,17.812990188598633,39.08513641357422,24581.84945312501,580775104.0,229358.3125,,,,,,14,,,,
S0761,17292.3046875,0.3521521985530853,10Jul2000 00:15:00,17Jul2000 06:00:00,327.6592712402344,12.448259353637695,17.142005920410156,27902.734785156492,603072896.0,268032.28125,,,,,,14,,,,
S0470,17770.396484375,0.42380017042160034,10Jul2000 00:15:00,17Jul2000 06:00:00,327.6592712402344,9.665741920471191,20.365524291992188,23811.349765625004,589767872.0,211749.078125,,,,,,14,,,,
S0706,17223.05859375,0.4910873472690582,10Jul2000 00:15:00,17Jul2000 00:00:00,327.6592712402344,7.8025665283203125,11.267096519470215,20756.182128906366,557797632.0,178868.421875,,,,,,14,,,,
S0191,9845.345703125,0.34567898511886597,12Jul2000 00:15:00,16Jul2000 06:00:00,327.6592712402344,10.997882843017578,16.3223934173584,13368.972597656344,579665344.0,201803.171875,,,,,,14,,,,
S0724,19662.177734375,0.40148594975471497,10Jul2000 00:15:00,17Jul2000 06:00:00,327.6592712402344,10.122369766235352,12.11609935760498,28696.854589843835,585646912.0,190401.65625,,,,,,14,,,,
S0146,21769.4375,0.442230224609375,09Jul2000 00:15:00,17Jul2000 06:00:00,327.6592712402344,19.80095100402832,19.43634796142578,,,,,,,,,14,,,,
S0433,16120.8583984375,0.6344533562660217,11Jul2000 12:15:00,16Jul2000 12:00:00,327.6592712402344,5.758933067321777,11.867427825927734,11743.506064453164,573853568.0,186187.4375,,,,,,14,,,,
S0163,22764.25390625,0.3886423408985138,09Jul2000 00:15:00,17Jul2000 06:00:00,327.6592712402344,13.508694648742676,13.999455451965332,32518.50058593776,648578304.0,224688.96875,,,,,,14,,,,
S0451,17036.603515625,0.4330143928527832,10Jul2000 00:15:00,17Jul2000 00:00:00,327.6592712402344,7.650997638702393,10.811698913574219,23342.066914062794,567715520.0,166046.265625,,,,,,14,,,,
S0760,13030.9521484375,0.5285043120384216,11Jul2000 00:15:00,16Jul2000 12:00:00,327.6592712402344,5.51598596572876,9.684500694274902,12650.40337890627,569409984.0,122852.8203125,,,,,,14,,,,
S0469,13653.5283203125,0.3748062252998352,11Jul2000 00:15:00,16Jul2000 18:00:00,327.6592712402344,10.307056427001953,13.681533813476562,20089.487207031285,577777728.0,222402.984375,,,,,,14,,,,
S0705,21979.962890625,0.49854961037635803,09Jul2000 00:15:00,17Jul2000 12:00:00,327.6592712402344,7.352927207946777,11.87722396850586,26102.24216796878,571554304.0,190453.21875,123.41416931152344,,,5.5067830085754395,21.670000076293945,14,,,,
S0114,20147.583984375,0.6174502372741699,10Jul2000 10:15:00,17Jul2000 00:00:00,327.6592712402344,8.02087116241455,11.261871337890625,,,,,,,,,14,,,,
S0117,17745.498046875,0.4973868429660797,10Jul2000 00:15:00,17Jul2000 06:00:00,327.6592712402344,5.696707725524902,10.70393180847168,,,,,,,,,14,,,,
S0190,13617.5107421875,0.37753596901893616,11Jul2000 00:15:00,16Jul2000 18:00:00,327.6592712402344,9.640494346618652,13.944308280944824,19667.955292968803,579502144.0,220792.359375,,,,,,14,,,,
S0723,20351.126953125,0.4514749050140381,11Jul2000 00:15:00,16Jul2000 18:00:00,327.6592712402344,19.373821258544922,24.214147567749023,24007.89314453126,631619264.0,332548.09375,,,,,,14,,,,
S0432,30830.978515625,0.6541098952293396,09Jul2000 00:15:00,17Jul2000 06:00:00,327.6592712402344,9.5545015335083,14.077310562133789,27765.687246093836,570313856.0,188331.484375,,,,,,14,,,,
S0450,17014.888671875,0.454013854265213,10Jul2000 00:15:00,17Jul2000 00:00:00,327.6592712402344,9.429238319396973,17.32503890991211,21655.445898437738,572382336.0,217057.046875,,,,,,14,,,,
S0759,16310.875,0.46921610832214355,10Jul2000 00:15:00,16Jul2000 18:00:00,327.6592712402344,6.663321495056152,11.425050735473633,20395.88585937521,560782528.0,182832.125,,,,,,14,,,,
S0150,16835.29296875,0.3172886371612549,10Jul2000 00:15:00,17Jul2000 00:00:00,327.6592712402344,19.22959327697754,20.543481826782227,,,,,,,,,14,,,,
S0468,16916.576171875,0.4233481287956238,10Jul2000 00:15:00,17Jul2000 00:00:00,327.6592712402344,7.407893180847168,12.179179191589355,23315.410957031294,566049152.0,168416.5,,,,,,14,,,,
S0162,24562.33203125,0.4583088755607605,09Jul2000 00:15:00,17Jul2000 06:00:00,327.6592712402344,12.053418159484863,22.19795036315918,,,,,,,,,14,,,,
S0486,9324.380859375,0.40544891357421875,12Jul2000 00:15:00,16Jul2000 00:00:00,327.6592712402344,7.893524169921875,9.601788520812988,10032.910488281359,565187008.0,151638.90625,,,,,,14,,,,
S0189,9845.26953125,0.3439251780509949,12Jul2000 00:15:00,16Jul2000 06:00:00,327.6592712402344,9.262166023254395,20.038463592529297,13148.708740234442,570953664.0,272763.59375,,,,,,14,,,,
S0174,15507.025390625,0.37992432713508606,10Jul2000 07:15:00,16Jul2000 18:00:00,327.6592712402344,8.105819702148438,14.069486618041992,24165.842968750087,565527616.0,206189.296875,,,,,,14,,,,
S0722,21754.72265625,0.5464558601379395,09Jul2000 00:15:00,17Jul2000 12:00:00,327.6592712402344,7.538096904754639,9.776878356933594,23287.47347656255,563512576.0,154867.6875,124.80457305908203,,,4.479816436767578,21.670000076293945,14,,,,
S0431,25284.73046875,0.6457382440567017,10Jul2000 00:15:00,17Jul2000 06:00:00,327.6592712402344,8.780447006225586,11.98309326171875,23047.1471679692,576349056.0,193295.5,,,,,,14,,,,
S0740,23532.455078125,0.46681520342826843,10Jul2000 00:15:00,17Jul2000 00:00:00,327.6592712402344,21.052452087402344,23.361785888671875,27226.354394531532,666681984.0,280030.03125,,,,,,14,,,,
S0131,113642.3046875,2.071281671524048,09Jul2000 00:15:00,17Jul2000 12:00:00,327.6592712402344,14.719225883483887,21.606979370117188,30614.10187500005,604371584.0,310949.90625,206.51048278808594,,,7.132030010223389,21.670000076293945,14,,,,
S0120,13490.2109375,0.4831322729587555,11Jul2000 04:15:00,16Jul2000 18:00:00,327.6592712402344,5.84101676940918,9.012463569641113,,,,,,,,,14,,,,
S0449,17803.998046875,0.32987266778945923,10Jul2000 00:15:00,17Jul2000 00:00:00,327.6592712402344,21.024093627929688,22.93714141845703,29348.990683593907,646373504.0,329213.25,,,,,,14,,,,
S0467,12000.0927734375,0.36459481716156006,11Jul2000 09:15:00,16Jul2000 12:00:00,327.6592712402344,10.492263793945312,24.451231002807617,16505.72796875,613916672.0,307571.5,,,,,,14,,,,
S0485,20661.650390625,0.4615006744861603,09Jul2000 00:15:00,17Jul2000 12:00:00,327.6592712402344,7.476459503173828,11.144357681274414,24663.31371093756,583057792.0,179509.78125,68.20814514160156,,,4.817460536956787,21.670000076293945,14,,,,
S0188,20660.19140625,0.38027700781822205,09Jul2000 00:15:00,17Jul2000 12:00:00,327.6592712402344,6.98535680770874,12.734421730041504,31055.051269531406,579247744.0,177099.984375,82.41138458251953,,,6.198084831237793,21.670000076293945,14,,,,
S0149,12984.71875,0.35150206089019775,11Jul2000 06:15:00,16Jul2000 12:00:00,327.6592712402344,19.875558853149414,19.206674575805664,,,,,,,,,14,,,,
S0721,18051.82421875,0.4737928509712219,10Jul2000 00:15:00,17Jul2000 06:00:00,327.6592712402344,8.08465576171875,12.573790550231934,23039.166992187696,560443520.0,176018.59375,,,,,,14,,,,
S0430,17656.01171875,0.494198203086853,10Jul2000 00:15:00,17Jul2000 06:00:00,327.6592712402344,5.650448799133301,10.646379470825195,21833.534296875114,571711488.0,166817.25,,,,,,14,,,,
S0739,25111.16796875,0.45049721002578735,09Jul2000 00:15:00,17Jul2000 12:00:00,327.6592712402344,10.744600296020508,20.173194885253906,31383.619199218763,637204160.0,260277.484375,157.30508422851562,,,9.278921127319336,21.670000076293945,14,,,,
S0139,16599.111328125,0.5059545636177063,11Jul2000 09:15:00,16Jul2000 12:00:00,327.6592712402344,15.78558349609375,23.328216552734375,,,,,,,,,14,,,,
S0173,21096.77734375,0.43344637751579285,09Jul2000 00:15:00,17Jul2000 12:00:00,327.6592712402344,10.192178726196289,12.801726341247559,27796.90005859376,607268992.0,203193.953125,112.7535629272461,,,6.721335411071777,21.670000076293945,14,,,,
S0448,20108.63671875,0.5111082792282104,09Jul2000 00:15:00,17Jul2000 06:00:00,327.6592712402344,10.45362663269043,12.937928199768066,22615.95343750008,570219520.0,197885.875,,,,,,14,,,,
S0757,16875.111328125,0.4901943802833557,10Jul2000 00:15:00,17Jul2000 00:00:00,327.6592712402344,5.856760025024414,9.283231735229492,19434.40289062509,573091712.0,145516.375,,,,,,14,,,,
S0144,20267.740234375,0.48988351225852966,09Jul2000 00:15:00,17Jul2000 06:00:00,327.6592712402344,6.0021843910217285,12.923521041870117,,,,,,,,,14,,,,
S0116,26011.76953125,0.5609472393989563,11Jul2000 00:15:00,16Jul2000 18:00:00,327.6592712402344,20.350072860717773,25.19200897216797,,,,,,,,,14,,,,
S0157,11914.7294921875,0.26534098386764526,11Jul2000 07:15:00,16Jul2000 12:00:00,327.6592712402344,21.61442756652832,20.472415924072266,,,,,,,,,14,,,,
S0466,24942.5625,0.3616832494735718,09Jul2000 00:15:00,17Jul2000 12:00:00,327.6592712402344,21.802522659301758,33.47812271118164,35390.422460937516,682124864.0,285015.125,158.50025939941406,,,11.544480323791504,21.670000076293945,14,,,,
S0187,16302.4306640625,0.4942529797554016,10Jul2000 00:15:00,16Jul2000 18:00:00,327.6592712402344,7.0373053550720215,12.416625022888184,19649.929257812673,557806720.0,145078.984375,,,,,,14,,,,
S0484,16879.33203125,0.5197383165359497,10Jul2000 00:15:00,17Jul2000 00:00:00,327.6592712402344,5.749765396118164,9.823616027832031,19022.334902343784,558467328.0,139567.0625,,,,,,14,,,,
S0720,13756.9384765625,0.5021470785140991,11Jul2000 00:15:00,16Jul2000 18:00:00,327.6592712402344,7.966025352478027,12.06988525390625,15015.57774414065,557796992.0,188416.8125,,,,,,14,,,,
S0429,11876.50390625,0.41432639956474304,11Jul2000 16:15:00,16Jul2000 12:00:00,327.6592712402344,7.074544906616211,9.92288589477539,14506.722792968878,566730176.0,148047.640625,,,,,,14,,,,
S0160,17031.4296875,0.4696352481842041,10Jul2000 00:15:00,17Jul2000 00:00:00,327.6592712402344,5.87335205078125,10.079504013061523,21215.965058593836,570697536.0,149770.015625,34.66781997680664,,,4.421398162841797,21.670000076293945,14,,,,
S0156,7750.36572265625,0.3329662084579468,12Jul2000 14:15:00,16Jul2000 00:00:00,327.6592712402344,13.585945129394531,15.512228965759277,,,,,,,,,14,,,,
S0447,19390.486328125,0.48200586438179016,11Jul2000 00:15:00,16Jul2000 18:00:00,327.6592712402344,20.176740646362305,21.814929962158203,21859.161269531283,621120896.0,331987.90625,,,,,,14,,,,
S0756,8969.498046875,0.43393152952194214,12Jul2000 02:15:00,16Jul2000 00:00:00,327.6592712402344,8.783737182617188,18.097793579101562,9923.539619140898,576477952.0,276908.3125,,,,,,14,,,,
S0186,16105.3447265625,0.4387727677822113,10Jul2000 02:15:00,16Jul2000 18:00:00,327.6592712402344,9.503094673156738,15.723617553710938,20656.196015625028,599055232.0,261318.078125,,,,,,14,,,,
S0161,16978.369140625,0.40863972902297974,10Jul2000 00:15:00,17Jul2000 00:00:00,327.6592712402344,7.811683654785156,16.572092056274414,24667.97117187511,564404480.0,174148.1875,218.43983459472656,,,5.264050483703613,21.670000076293945,14,,,,
S0774,16180.689453125,0.40442031621932983,10Jul2000 00:15:00,16Jul2000 18:00:00,327.6592712402344,11.798749923706055,23.431306838989258,22144.843554687628,597484032.0,268417.03125,,,,,,14,,,,
S0465,12719.5751953125,0.41980239748954773,11Jul2000 04:15:00,16Jul2000 12:00:00,327.6592712402344,6.518857955932617,12.14013671875,15937.23281250009,576843968.0,173725.25,,,,,,14,,,,
S0141,17288.01171875,0.5316281914710999,10Jul2000 00:15:00,17Jul2000 00:00:00,327.6592712402344,5.908374786376953,12.058472633361816,,,,,,,,,14,,,,
S0483,16926.06640625,0.41677212715148926,10Jul2000 00:15:00,17Jul2000 00:00:00,327.6592712402344,9.569171905517578,14.119366645812988,22905.096347656345,589451584.0,225748.953125,,,,,,14,,,,
S0471,12431.6259765625,0.35204529762268066,11Jul2000 06:15:00,16Jul2000 12:00:00,327.6592712402344,9.40060806274414,12.97845458984375,17996.679511719023,604710272.0,214314.28125,,,,,,14,,,,
S0155,12802.8369140625,0.3912962079048157,11Jul2000 08:15:00,16Jul2000 12:00:00,327.6592712402344,10.676270484924316,15.837844848632812,,,,,,,,,14,,,,
S0719,20409.357421875,0.5318394303321838,09Jul2000 00:15:00,17Jul2000 06:00:00,327.6592712402344,6.016406059265137,10.131442070007324,22669.273164062586,573130432.0,138503.984375,,,,,,14,,,,
S0119,15187.6337890625,0.5411925315856934,10Jul2000 12:15:00,16Jul2000 18:00:00,327.6592712402344,5.5712995529174805,8.224373817443848,,,,,,,,,14,,,,
S0428,13815.630859375,0.3943638801574707,11Jul2000 00:15:00,16Jul2000 18:00:00,327.6592712402344,7.939976692199707,11.015071868896484,20249.09644531255,573451200.0,164200.03125,,,,,,14,,,,
S0737,16553.27734375,0.5237109661102295,10Jul2000 00:15:00,16Jul2000 18:00:00,327.6592712402344,5.860870361328125,10.858146667480469,18006.10634765626,573853568.0,153470.796875,,,,,,14,,,,
S0446,65548.8359375,1.0530909299850464,09Jul2000 00:15:00,17Jul2000 12:00:00,327.6592712402344,23.575740814208984,25.174959182739258,33505.27296875001,659939328.0,323882.53125,205.16844177246094,,,12.210448265075684,21.670000076293945,14,,,,
S0185,20737.5546875,0.46327340602874756,09Jul2000 00:15:00,17Jul2000 12:00:00,327.6592712402344,9.463994979858398,12.536027908325195,24792.752031250086,590875840.0,202620.515625,122.9255142211914,,,5.8561906814575195,21.670000076293945,14,,,,
S0154,24812.580078125,0.471128910779953,09Jul2000 00:15:00,17Jul2000 06:00:00,327.6592712402344,14.88518238067627,37.433692932128906,,,,,,,,,14,,,,
S0773,16250.5498046875,0.37490931153297424,10Jul2000 00:15:00,16Jul2000 18:00:00,327.6592712402344,8.25157356262207,12.002097129821777,25644.014160156323,569821248.0,193245.234375,,,,,,14,,,,
S0464,10877.9501953125,0.39525043964385986,11Jul2000 15:15:00,16Jul2000 06:00:00,327.6592712402344,9.589973449707031,15.134991645812988,13714.03860351564,582455232.0,245411.515625,,,,,,14,,,,
S0115,30488.48828125,0.6785081028938293,09Jul2000 00:15:00,17Jul2000 12:00:00,327.6592712402344,7.468946933746338,10.309860229492188,26316.126269531254,567217472.0,137760.328125,197.7686309814453,,,4.849311351776123,21.670000076293945,14,,,,
S0482,8606.724609375,0.2735888361930847,12Jul2000 04:15:00,16Jul2000 00:00:00,327.6592712402344,11.533409118652344,15.511909484863281,15606.337695312577,620315072.0,266154.625,,,,,,14,,,,
S0135,12146.669921875,0.3676624894142151,11Jul2000 11:15:00,16Jul2000 12:00:00,327.6592712402344,9.291180610656738,13.451132774353027,,,,,,,,,14,,,,
S0130,135528.890625,2.456329822540283,09Jul2000 00:15:00,17Jul2000 06:00:00,327.6592712402344,20.598861694335938,24.503650665283203,,,,,,,,,14,,,,
S0718,11612.580078125,0.44630396366119385,11Jul2000 16:15:00,16Jul2000 06:00:00,327.6592712402344,9.903993606567383,20.366992950439453,11722.535468750097,571721024.0,279397.65625,,,,,,14,,,,
S0153,15015.0849609375,0.46447739005088806,11Jul2000 00:15:00,16Jul2000 12:00:00,327.6592712402344,19.063255310058594,36.16389083862305,,,,,,,,,14,,,,
S0427,23070.453125,0.35616669058799744,09Jul2000 00:15:00,17Jul2000 12:00:00,327.6592712402344,14.42358684539795,13.137155532836914,35622.47531250002,602640704.0,207314.9375,107.54410552978516,,,6.7807135581970215,21.670000076293945,14,,,,
S0736,14976.6650390625,0.5527217388153076,10Jul2000 12:15:00,16Jul2000 18:00:00,327.6592712402344,6.721014976501465,10.06027889251709,15670.83132812524,557802816.0,126423.640625,,,,,,14,,,,
S0184,20182.572265625,0.45571061968803406,09Jul2000 00:15:00,17Jul2000 06:00:00,327.6592712402344,6.337681770324707,12.938974380493164,25774.455468750348,580197376.0,164063.359375,,,,,,14,,,,
S0124,23435.29296875,0.5771108269691467,09Jul2000 00:15:00,17Jul2000 06:00:00,327.6592712402344,5.827302932739258,8.975996971130371,,,,,,,,,14,,,,
S0445,32489.76953125,0.5930793881416321,10Jul2000 00:15:00,17Jul2000 00:00:00,327.6592712402344,21.751991271972656,20.627573013305664,29949.276953125038,631904768.0,347419.25,,,,,,14,,,,
S0140,27373.087890625,0.41504940390586853,09Jul2000 00:15:00,17Jul2000 06:00:00,327.6592712402344,23.243806838989258,17.419614791870117,,,,,,,,,14,,,,
S0463,13176.2705078125,0.2908468544483185,11Jul2000 00:15:00,16Jul2000 12:00:00,327.6592712402344,19.111854553222656,16.419824600219727,23293.737421875092,647402624.0,255657.53125,,,,,,14,,,,
S0167,16897.818359375,0.4574275016784668,10Jul2000 00:15:00,17Jul2000 00:00:00,327.6592712402344,8.647200584411621,13.119569778442383,21357.816074218845,584750720.0,206834.75,,,,,,14,,,,
S0136,17689.525390625,0.4386793076992035,10Jul2000 00:15:00,17Jul2000 06:00:00,327.6592712402344,7.551196098327637,10.52883529663086,,,,,,,,,14,,,,
S0481,9891.1162109375,0.4017430543899536,12Jul2000 00:15:00,16Jul2000 06:00:00,327.6592712402344,9.527281761169434,23.267677307128906,11022.551845703147,563878272.0,217895.75,,,,,,14,,,,
S0145,19734.908203125,0.41728976368904114,10Jul2000 00:15:00,17Jul2000 06:00:00,327.6592712402344,21.33741569519043,47.21800231933594,,,,,,,,,14,,,,
S0717,15917.998046875,0.3888624310493469,10Jul2000 07:15:00,16Jul2000 18:00:00,327.6592712402344,5.97273588180542,17.225114822387695,23682.53433593754,577263488.0,241768.609375,,,,,,14,,,,
S0426,22080.07421875,0.5414745807647705,09Jul2000 00:15:00,17Jul2000 06:00:00,327.6592712402344,7.20163631439209,9.056591987609863,24181.729941406273,557796224.0,140143.75,,,,,,14,,,,
S0735,16966.552734375,0.40705811977386475,10Jul2000 00:15:00,17Jul2000 00:00:00,327.6592712402344,7.108278751373291,10.964048385620117,24782.34970703156,565480832.0,169963.4375,,,,,,14,,,,
S0182,17050.935546875,0.3039983808994293,10Jul2000 00:15:00,17Jul2000 06:00:00,327.6592712402344,15.845905303955078,24.288116455078125,30780.871250000033,621360704.0,293592.0625,,,,,,14,,,,
S0444,16903.509765625,0.4492807686328888,10Jul2000 01:15:00,17Jul2000 00:00:00,327.6592712402344,7.903059482574463,12.08122444152832,22798.836953125036,563735552.0,166151.71875,,,,,,14,,,,
S0753,16170.876953125,0.45341670513153076,10Jul2000 00:15:00,16Jul2000 18:00:00,327.6592712402344,7.555267333984375,21.949100494384766,20522.68214843764,575405824.0,163951.53125,,,,,,14,,,,
S0137,23819.890625,0.5385140776634216,09Jul2000 00:15:00,17Jul2000 12:00:00,327.6592712402344,10.113788604736328,13.891356468200684,26450.25921875002,565397568.0,207547.25,246.9670867919922,,,5.7308244705200195,21.670000076293945,14,,,,
S0170,20085.21875,0.41711655259132385,09Jul2000 00:15:00,17Jul2000 06:00:00,327.6592712402344,7.949474811553955,11.94267749786377,28405.21328125018,563373632.0,174112.859375,,,,,,14,,,,
S0462,10086.5947265625,0.45116519927978516,12Jul2000 00:15:00,16Jul2000 06:00:00,327.6592712402344,9.537178993225098,22.924362182617188,10647.03865234376,573162176.0,273260.0625,,,,,,14,,,,
S0480,20626.794921875,0.46174484491348267,09Jul2000 00:15:00,17Jul2000 12:00:00,327.6592712402344,9.117016792297363,22.711843490600586,26020.164453125108,573676864.0,176235.125,109.28267669677734,,,5.304110050201416,21.670000076293945,14,,,,
S0181,16815.443359375,0.40740180015563965,10Jul2000 00:15:00,17Jul2000 00:00:00,327.6592712402344,9.345998764038086,13.162964820861816,23295.148964843796,583089024.0,209559.015625,,,,,,14,,,,
S0152,17561.7265625,0.4264959692955017,10Jul2000 00:15:00,17Jul2000 06:00:00,327.6592712402344,8.316963195800781,13.615208625793457,,,,,,,,,14,,,,
S0158,16000.5869140625,0.4672958254814148,10Jul2000 05:15:00,16Jul2000 18:00:00,327.6592712402344,7.132671356201172,12.16521167755127,,,,,,,,,14,,,,
S0716,15155.892578125,0.4307247996330261,11Jul2000 10:15:00,16Jul2000 12:00:00,327.6592712402344,14.038101196289062,24.356891632080078,17935.839257812753,590576192.0,351603.625,,,,,,14,,,,
S0425,12812.4482421875,0.3862510621547699,11Jul2000 14:15:00,16Jul2000 12:00:00,327.6592712402344,6.237490177154541,12.835278511047363,15413.362421875041,577486144.0,186926.15625,,,,,,14,,,,
S0734,8886.4453125,0.3884463608264923,12Jul2000 06:15:00,16Jul2000 00:00:00,327.6592712402344,7.039883136749268,11.027297019958496,10010.1848828125,572692608.0,137601.546875,,,,,,14,,,,
S0113,18697.458984375,0.5496123433113098,10Jul2000 00:15:00,17Jul2000 00:00:00,327.6592712402344,6.278578281402588,10.22567367553711,,,,,,,,,14,,,,
S0180,10997.3984375,0.3218221664428711,11Jul2000 12:15:00,16Jul2000 06:00:00,327.6592712402344,12.434792518615723,14.516447067260742,17151.693027343987,594703104.0,225999.5,,,,,,14,,,,
S0172,17739.482421875,0.3889467418193817,10Jul2000 00:15:00,17Jul2000 00:00:00,327.6592712402344,12.433714866638184,18.243608474731445,24205.03660156254,638117056.0,289632.15625,,,,,,14,,,,
S0752,11514.109375,0.4936583638191223,11Jul2000 09:15:00,16Jul2000 06:00:00,327.6592712402344,6.444275856018066,9.498269081115723,11377.731533203181,557795840.0,130861.4453125,,,,,,14,,,,
S0461,26278.453125,0.5007906556129456,09Jul2000 00:15:00,17Jul2000 12:00:00,327.6592712402344,12.035337448120117,19.469436645507812,29776.605605468805,625441664.0,231519.671875,186.9968719482422,,,9.258662223815918,21.670000076293945,14,,,,
S0479,15949.572265625,0.3758501708507538,10Jul2000 03:15:00,16Jul2000 18:00:00,327.6592712402344,6.4307661056518555,10.702211380004883,24196.889433593875,579583744.0,158354.90625,,,,,,14,,,,
S0129,24631.16796875,0.6936553716659546,10Jul2000 00:15:00,17Jul2000 00:00:00,327.6592712402344,9.377463340759277,12.011127471923828,,,,,,,,,14,,,,
S0134,12267.7021484375,0.47637948393821716,11Jul2000 15:15:00,16Jul2000 12:00:00,327.6592712402344,7.94368314743042,10.653722763061523,,,,,,,,,14,,,,
S0179,13126.5771484375,0.45224878191947937,11Jul2000 00:15:00,16Jul2000 12:00:00,327.6592712402344,5.874215126037598,15.906240463256836,15722.615488281272,565315840.0,200478.765625,,,,,,14,,,,
S0715,20961.775390625,0.4237256646156311,09Jul2000 00:15:00,17Jul2000 12:00:00,327.6592712402344,8.423418045043945,14.359371185302734,29896.42812500026,558603648.0,202388.078125,59.98051071166992,,,5.157621383666992,21.670000076293945,14,,,,
S0151,8539.240234375,0.44745150208473206,12Jul2000 09:15:00,16Jul2000 00:00:00,327.6592712402344,6.295779228210449,11.531973838806152,,,,,,,,,14,,,,
S0424,21591.923828125,0.5066477656364441,09Jul2000 00:15:00,17Jul2000 12:00:00,327.6592712402344,5.790956497192383,12.407909393310547,25151.798593750478,569455488.0,178139.546875,122.5133056640625,,,4.207504749298096,21.670000076293945,14,,,,
S0733,23809.30859375,0.5550984740257263,09Jul2000 00:15:00,17Jul2000 06:00:00,327.6592712402344,8.312767028808594,12.003888130187988,25659.973593750205,576541120.0,172920.109375,,,,,,14,,,,
S0442,19855.384765625,0.3449965715408325,10Jul2000 00:15:00,17Jul2000 06:00:00,327.6592712402344,22.015514373779297,23.47188377380371,30444.579453125087,651539392.0,336953.65625,,,,,,14,,,,
S0751,13124.3525390625,0.46946805715560913,11Jul2000 00:15:00,16Jul2000 12:00:00,327.6592712402344,5.757601737976074,9.297167778015137,15308.463886718817,563286144.0,147813.921875,,,,,,14,,,,
S0165,7888.333984375,0.38267794251441956,12Jul2000 13:15:00,16Jul2000 00:00:00,327.6592712402344,9.191884994506836,14.356226921081543,9560.822783203132,570446400.0,227988.78125,,,,,,14,,,,
S0769,16869.03125,0.4195070266723633,10Jul2000 00:15:00,17Jul2000 00:00:00,327.6592712402344,6.409582138061523,13.249776840209961,22580.664863281556,570588288.0,216749.03125,,,,,,14,,,,
S0460,17649.328125,0.4632011651992798,10Jul2000 00:15:00,17Jul2000 06:00:00,327.6592712402344,8.735925674438477,19.493942260742188,22185.837285156354,564232448.0,228801.09375,,,,,,14,,,,
S0178,20610.69140625,0.45592913031578064,09Jul2000 00:15:00,17Jul2000 12:00:00,327.6592712402344,9.023326873779297,22.715314865112305,25137.78669921886,575918080.0,204830.546875,148.6859893798828,,,5.194298267364502,21.670000076293945,14,,,,
S0478,9258.8076171875,0.38775408267974854,12Jul2000 00:15:00,16Jul2000 00:00:00,327.6592712402344,9.874471664428711,15.789083480834961,10516.995009765636,564330048.0,215074.921875,,,,,,14,,,,
S0714,21689.318359375,0.4928567409515381,09Jul2000 00:15:00,17Jul2000 12:00:00,327.6592712402344,6.406861305236816,10.846688270568848,26223.250800781418,558950400.0,163510.0,86.9347152709961,,,4.145982265472412,21.670000076293945,14,,,,
S0128,17669.431640625,0.5421964526176453,10Jul2000 00:15:00,17Jul2000 06:00:00,327.6592712402344,7.143935680389404,8.776277542114258,,,,,,,,,14,,,,
S0423,20926.806640625,0.4205862879753113,09Jul2000 00:15:00,17Jul2000 12:00:00,327.6592712402344,6.101527690887451,14.918399810791016,29038.14917968769,578406272.0,178230.953125,44.7733268737793,,,5.337675094604492,21.670000076293945,14,,,,
S0732,14249.189453125,0.5276662111282349,11Jul2000 15:15:00,16Jul2000 12:00:00,327.6592712402344,8.986115455627441,23.21520233154297,13525.07627929691,582106688.0,318145.65625,,,,,,14,,,,
S0441,38634.3046875,0.7086926698684692,09Jul2000 00:15:00,17Jul2000 12:00:00,327.6592712402344,10.600482940673828,22.184410095214844,30464.89425781276,595332352.0,300023.53125,125.44593811035156,,,5.947904109954834,21.670000076293945,14,,,,
S0171,18390.478515625,0.365250825881958,10Jul2000 00:15:00,17Jul2000 06:00:00,327.6592712402344,12.970882415771484,15.488822937011719,28380.116523437537,620509056.0,250347.671875,,,,,,14,,,,
S0750,20789.86328125,0.49265676736831665,09Jul2000 00:15:00,17Jul2000 12:00:00,327.6592712402344,7.936424732208252,9.607029914855957,24837.31748046876,580400832.0,144450.375,111.58919525146484,,,5.023418426513672,21.670000076293945,14,,,,
S0768,16811.076171875,0.5549334287643433,10Jul2000 00:15:00,17Jul2000 00:00:00,327.6592712402344,5.553613185882568,11.505491256713867,17914.63201171879,557820608.0,128008.1171875,,,,,,14,,,,
S0459,18252.42578125,0.4297148287296295,10Jul2000 02:15:00,16Jul2000 18:00:00,327.6592712402344,11.085470199584961,20.991296768188477,24124.516582031512,586782912.0,316456.6875,,,,,,14,,,,
S0477,11894.9111328125,0.34851330518722534,11Jul2000 09:15:00,16Jul2000 12:00:00,327.6592712402344,14.30451488494873,22.66206932067871,17495.38796875012,618409472.0,319927.6875,,,,,,14,,,,
S0713,21168.482421875,0.49977877736091614,09Jul2000 00:15:00,17Jul2000 06:00:00,327.6592712402344,5.894436836242676,9.565568923950195,24972.91779296875,568199424.0,141162.6875,,,,,,14,,,,
S0148,22954.802734375,0.2950650453567505,09Jul2000 00:15:00,17Jul2000 12:00:00,327.6592712402344,25.1843318939209,22.087377548217773,40302.23679687512,696372416.0,333510.8125,124.41153717041016,,,13.4722318649292,21.670000076293945,14,,,,
S0422,13691.9306640625,0.48533761501312256,11Jul2000 01:15:00,16Jul2000 18:00:00,327.6592712402344,5.755974769592285,14.520855903625488,15413.733554687555,564532160.0,154860.953125,,,,,,14,,,,
S0731,29504.17578125,0.4577423930168152,09Jul2000 00:15:00,17Jul2000 06:00:00,327.6592712402344,19.735515594482422,19.76388931274414,34878.22914062505,647654272.0,317508.71875,,,,,,14,,,,
S0749,16011.8564453125,0.37209174036979675,11Jul2000 00:15:00,16Jul2000 18:00:00,327.6592712402344,20.46889877319336,23.80764389038086,23051.702382812586,661433472.0,343596.03125,,,,,,14,,,,
S0166,17025.73046875,0.4802863895893097,10Jul2000 00:15:00,17Jul2000 00:00:00,327.6592712402344,6.513822555541992,10.420883178710938,21420.30841796895,559186944.0,146763.609375,,,,,,14,,,,
S0767,13736.44140625,0.44053196907043457,11Jul2000 00:15:00,16Jul2000 18:00:00,327.6592712402344,8.344491958618164,9.525694847106934,17342.439960937583,568085440.0,145755.21875,,,,,,14,,,,
S0458,20282.568359375,0.46088945865631104,09Jul2000 00:15:00,17Jul2000 06:00:00,327.6592712402344,6.489999771118164,10.204139709472656,25554.030937500003,575247744.0,144852.25,,,,,,14,,,,
S0143,12572.9833984375,0.38829800486564636,11Jul2000 06:15:00,16Jul2000 12:00:00,327.6592712402344,10.525704383850098,13.491206169128418,,,,,,,,,14,,,,
S0476,20134.984375,0.4384993314743042,09Jul2000 00:15:00,17Jul2000 06:00:00,327.6592712402344,13.727991104125977,22.797555923461914,26223.30964843753,594235904.0,305503.78125,,,,,,14,,,,
S0133,19087.15625,0.5907702445983887,11Jul2000 00:15:00,16Jul2000 18:00:00,327.6592712402344,9.383354187011719,17.081140518188477,,,,,,,,,14,,,,
S0712,12870.1513671875,0.49248307943344116,11Jul2000 03:15:00,16Jul2000 12:00:00,327.6592712402344,5.7732038497924805,9.110053062438965,13742.312158203618,570431296.0,139719.78125,,,,,,14,,,,
S0421,10116.0712890625,0.42471790313720703,12Jul2000 04:15:00,16Jul2000 06:00:00,327.6592712402344,7.108772277832031,9.769287109375,10515.085292968759,563273216.0,153648.203125,,,,,,14,,,,
S0730,20004.783203125,0.5433772206306458,10Jul2000 00:15:00,17Jul2000 06:00:00,327.6592712402344,6.026989459991455,14.012574195861816,21549.475976562506,577586880.0,149882.9375,,,,,,14,,,,
S0439,133613.046875,2.73772931098938,09Jul2000 00:15:00,17Jul2000 06:00:00,327.6592712402344,19.931245803833008,25.57771110534668,27536.551113281414,593921920.0,260636.296875,,,,,,14,,,,
S0748,8594.177734375,0.3090701699256897,12Jul2000 06:15:00,16Jul2000 00:00:00,327.6592712402344,7.746413230895996,17.42664909362793,12376.152675781259,586810496.0,285093.625,,,,,,14,,,,
S0457,13306.490234375,0.43376079201698303,11Jul2000 00:15:00,16Jul2000 12:00:00,327.6592712402344,6.371845245361328,12.923521041870117,15986.593798828211,578910976.0,145104.625,,,,,,14,,,,
S0475,20066.87109375,0.4686938524246216,09Jul2000 00:15:00,17Jul2000 06:00:00,327.6592712402344,8.311013221740723,11.613165855407715,25650.864296875057,560730240.0,176239.453125,,,,,,14,,,,
S0711,21152.5859375,0.5032440423965454,09Jul2000 00:15:00,17Jul2000 12:00:00,327.6592712402344,8.141180992126465,14.81620979309082,25505.66644531252,557796608.0,212073.4375,57.55963134765625,,,4.120995044708252,21.670000076293945,14,,,,
S0420,15114.05859375,0.5155054330825806,10Jul2000 20:15:00,16Jul2000 18:00:00,327.6592712402344,5.825344562530518,10.912379264831543,16059.504570312576,567240704.0,166767.125,,,,,,14,,,,
S0729,44321.46875,0.9957170486450195,09Jul2000 00:15:00,17Jul2000 12:00:00,327.6592712402344,9.981966018676758,11.883380889892578,26625.906875000263,579962624.0,176003.109375,257.89263916015625,,,5.548847198486328,21.670000076293945,14,,,,
S0438,72787.359375,1.9035135507583618,10Jul2000 00:15:00,17Jul2000 06:00:00,327.6592712402344,11.384467124938965,28.634021759033203,22153.60195312513,567947776.0,239752.9375,,,,,,14,,,,
S0159,12122.0888671875,0.3376169800758362,11Jul2000 08:15:00,16Jul2000 12:00:00,327.6592712402344,8.270528793334961,14.85509967803955,,,,,,,,,14,,,,
S0747,16233.638671875,0.3950267732143402,10Jul2000 00:15:00,16Jul2000 18:00:00,327.6592712402344,9.057882308959961,12.463441848754883,24446.904316406362,563968832.0,172484.9375,,,,,,14,,,,
S0765,13138.7236328125,0.45722058415412903,11Jul2000 00:15:00,16Jul2000 12:00:00,327.6592712402344,5.871940612792969,10.613774299621582,15490.42698242235,562533440.0,153057.578125,,,,,,14,,,,
S0456,15586.0009765625,0.33065512776374817,10Jul2000 07:15:00,16Jul2000 18:00:00,327.6592712402344,19.285449981689453,23.45787811279297,24870.907558594,646006592.0,321361.34375,,,,,,14,,,,
S0164,14094.533203125,0.276707261800766,11Jul2000 00:15:00,16Jul2000 18:00:00,327.6592712402344,19.54337501525879,17.340259552001953,26550.068281250027,661226304.0,269976.5625,,,,,,14,,,,
S0474,8850.14453125,0.3101291060447693,12Jul2000 03:15:00,16Jul2000 00:00:00,327.6592712402344,10.728233337402344,16.668352127075195,12692.280869140726,577392448.0,269625.3125,,,,,,14,,,,
S0169,15649.4912109375,0.4668777287006378,10Jul2000 07:15:00,16Jul2000 18:00:00,327.6592712402344,8.002634048461914,13.067704200744629,18863.074394531264,574636032.0,204266.125,,,,,,14,,,,
S0125,11913.5107421875,0.5630084872245789,12Jul2000 02:15:00,16Jul2000 06:00:00,327.6592712402344,6.0824079513549805,12.389660835266113,,,,,,,,,14,,,,
S0177,20543.29296875,0.45776835083961487,09Jul2000 00:15:00,17Jul2000 06:00:00,327.6592712402344,9.81735610961914,15.435940742492676,25381.837343750012,594427712.0,244560.515625,,,,,,14,,,,
S0419,24130.58984375,0.4499797821044922,09Jul2000 00:15:00,17Jul2000 06:00:00,327.6592712402344,15.086769104003906,19.997282028198242,28956.51923828144,608541120.0,280871.40625,,,,,,14,,,,
S0728,20892.333984375,0.500540018081665,09Jul2000 00:15:00,17Jul2000 12:00:00,327.6592712402344,5.640556335449219,10.697196006774902,24178.405878906295,572957952.0,139171.0,42.841548919677734,,,3.880615472793579,21.670000076293945,14,,,,
S0118,22107.904296875,0.39772266149520874,09Jul2000 00:15:00,17Jul2000 12:00:00,327.6592712402344,7.928072452545166,10.789304733276367,31196.85982421895,580338816.0,162629.578125,90.4981918334961,,,5.263577461242676,21.670000076293945,14,,,,
S0437,9584.8076171875,0.36451664566993713,12Jul2000 04:15:00,16Jul2000 06:00:00,327.6592712402344,6.059178829193115,11.419472694396973,10822.936962890644,572708864.0,173930.1875,,,,,,14,,,,
S0123,69747.7734375,1.5128968954086304,09Jul2000 00:15:00,17Jul2000 12:00:00,327.6592712402344,10.564762115478516,11.131184577941895,26823.55794921895,582813120.0,157117.484375,188.0151824951172,,,5.264941215515137,21.670000076293945,14,,,,
S0746,19379.314453125,0.4219578206539154,10Jul2000 00:15:00,17Jul2000 06:00:00,327.6592712402344,12.38321590423584,20.824140548706055,25053.853710937743,629546368.0,313781.15625,,,,,,14,,,,
S0764,20907.7109375,0.33959805965423584,09Jul2000 00:15:00,17Jul2000 12:00:00,327.6592712402344,19.335506439208984,24.155738830566406,32857.27562500021,652273600.0,324006.5,115.43500518798828,,,8.13638973236084,21.670000076293945,14,,,,
S0455,11063.583984375,0.3795884847640991,11Jul2000 16:15:00,16Jul2000 06:00:00,327.6592712402344,9.55191421508789,15.45278263092041,14719.539501953339,607014976.0,259926.21875,,,,,,14,,,,
S0473,16809.19140625,0.39409390091896057,10Jul2000 00:15:00,17Jul2000 00:00:00,327.6592712402344,7.740978240966797,23.505359649658203,24028.966074218773,578329792.0,311748.21875,,,,,,14,,,,
S0142,16313.8251953125,0.3216281533241272,10Jul2000 06:15:00,16Jul2000 18:00:00,327.6592712402344,20.450531005859375,20.621919631958008,,,,,,,,,14,,,,
S0709,21051.365234375,0.4469080865383148,09Jul2000 00:15:00,17Jul2000 12:00:00,327.6592712402344,5.952020645141602,12.33600902557373,27273.414023437712,574963648.0,167236.796875,88.73038482666016,,,5.1357526779174805,21.670000076293945,14,,,,
S0418,14806.451171875,0.49949634075164795,10Jul2000 15:15:00,16Jul2000 18:00:00,327.6592712402344,5.686227798461914,9.589935302734375,17129.60937500005,565622016.0,151212.609375,,,,,,14,,,,
S0727,10396.5712890625,0.36724114418029785,11Jul2000 21:15:00,16Jul2000 06:00:00,327.6592712402344,6.029641151428223,11.047920227050781,11937.119960937576,576643072.0,153464.078125,,,,,,14,,,,
S0436,17484.46484375,0.39215287566185,10Jul2000 00:15:00,17Jul2000 00:00:00,327.6592712402344,9.707998275756836,10.951658248901367,26315.592207031317,570370816.0,170891.390625,,,,,,14,,,,
S0147,21003.30078125,0.39942970871925354,09Jul2000 00:15:00,17Jul2000 06:00:00,327.6592712402344,12.714218139648438,18.914094924926758,,,,,,,,,14,,,,
S0745,17538.431640625,0.4806022644042969,10Jul2000 00:15:00,17Jul2000 06:00:00,327.6592712402344,6.133113384246826,11.442619323730469,21495.121113281264,562550336.0,180648.15625,,,,,,14,,,,
S0138,46402.45703125,0.9461420178413391,10Jul2000 00:15:00,17Jul2000 06:00:00,327.6592712402344,23.608840942382812,23.4754581451416,,,,,,,,,14,,,,
S0763,20452.126953125,0.438029408454895,09Jul2000 00:15:00,17Jul2000 12:00:00,327.6592712402344,11.130730628967285,19.524660110473633,25957.100527343824,591736832.0,262149.1875,122.79476928710938,,,5.195437908172607,21.670000076293945,14,,,,
S0454,29355.455078125,0.45710888504981995,10Jul2000 00:15:00,17Jul2000 06:00:00,327.6592712402344,25.397048950195312,26.264360427856445,33448.285312500164,711533248.0,294525.78125,,,,,,14,,,,
S0132,31429.7734375,0.605395495891571,09Jul2000 00:15:00,17Jul2000 06:00:00,327.6592712402344,9.008453369140625,14.357207298278809,,,,,,,,,14,,,,
S0472,12254.265625,0.4137042760848999,11Jul2000 08:15:00,16Jul2000 12:00:00,327.6592712402344,7.879303932189941,10.176209449768066,14864.562675781355,570789696.0,161231.265625,,,,,,14,,,,
S0176,9174.1083984375,0.35991907119750977,12Jul2000 01:15:00,16Jul2000 00:00:00,327.6592712402344,10.257349014282227,16.321048736572266,10326.465937500026,564109568.0,157432.78125,,,,,,14,,,,
S0121,80692.46875,1.8012759685516357,09Jul2000 00:15:00,17Jul2000 06:00:00,327.6592712402344,10.965282440185547,20.399539947509766,,,,,,,,,14,,,,
S0708,15913.8701171875,0.4418731927871704,11Jul2000 00:15:00,16Jul2000 12:00:00,327.6592712402344,11.081249237060547,21.97372817993164,19493.86230468752,579353280.0,285439.40625,,,,,,14,,,,
S0417,20952.248046875,0.5491626858711243,09Jul2000 00:15:00,17Jul2000 12:00:00,327.6592712402344,5.560491561889648,10.265583038330078,22474.31511718752,564432320.0,131862.359375,79.00690460205078,,,3.7445566654205322,21.670000076293945,14,,,,
S0726,8563.271484375,0.5159136652946472,12Jul2000 14:15:00,16Jul2000 00:00:00,327.6592712402344,5.766091346740723,12.338260650634766,7382.397290039079,558082368.0,154440.921875,,,,,,14,,,,
S0127,11827.212890625,0.38226231932640076,11Jul2000 16:15:00,16Jul2000 12:00:00,327.6592712402344,7.804708480834961,12.527230262756348,,,,,,,,,14,,,,
S0435,14232.1298828125,0.3282545506954193,11Jul2000 12:15:00,16Jul2000 12:00:00,327.6592712402344,15.570403099060059,18.10885238647461,22031.61677734394,605082944.0,295867.125,,,,,,14,,,,
S0744,16263.3466796875,0.5220051407814026,10Jul2000 00:15:00,16Jul2000 18:00:00,327.6592712402344,6.9395341873168945,9.06633186340332,18514.998320312545,557796032.0,130933.609375,,,,,,14,,,,
S0175,8091.15380859375,0.39439862966537476,12Jul2000 12:15:00,16Jul2000 00:00:00,327.6592712402344,8.031681060791016,10.277700424194336,8338.538144531261,561351744.0,146776.078125,,,,,,14,,,,
S0453,21933.744140625,0.44463467597961426,09Jul2000 00:15:00,17Jul2000 06:00:00,327.6592712402344,14.553523063659668,20.977094650268555,28253.914179687523,612257088.0,216243.484375,,,,,,14,,,,
S0979,17902.892578125,0.4119320809841156,10Jul2000 00:15:00,17Jul2000 06:00:00,327.6592712402344,7.830779075622559,13.417393684387207,25648.52947265631,571672320.0,188337.3125,,,,,,14,,,,
S0762,15560.013671875,0.478333443403244,10Jul2000 06:15:00,16Jul2000 18:00:00,327.6592712402344,7.501738548278809,12.650139808654785,19129.805664062536,559343360.0,158221.375,,,,,,14,,,,
S0775,6679.94775390625,0.3788900375366211,13Jul2000 01:15:00,16Jul2000 00:00:00,327.6592712402344,7.51719856262207,11.499279975891113,7616.414326171979,567547776.0,149400.484375,,,,,,14,,,,
S0981,20869.48046875,0.4347591996192932,09Jul2000 00:15:00,17Jul2000 06:00:00,327.6592712402344,10.248550415039062,19.13742446899414,28018.132734375,563708672.0,234798.140625,,,,,,14,,,,
S0977,19957.05859375,0.5280767679214478,10Jul2000 00:15:00,17Jul2000 00:00:00,327.6592712402344,11.630668640136719,19.617429733276367,21604.249062500094,560105536.0,239653.109375,,,,,,14,,,,
S0755,20402.205078125,0.35329756140708923,09Jul2000 00:15:00,17Jul2000 12:00:00,327.6592712402344,13.62704086303711,18.757190704345703,32348.56750000009,607147968.0,277509.71875,187.7030792236328,,,8.390201568603516,21.670000076293945,14,,,,
S0983,9336.13671875,0.36144116520881653,12Jul2000 00:15:00,16Jul2000 00:00:00,327.6592712402344,6.266769886016846,11.735923767089844,10013.693144531388,579583744.0,166414.890625,,,,,,14,,,,
S0770,19923.083984375,0.36110740900039673,09Jul2000 00:15:00,17Jul2000 06:00:00,327.6592712402344,10.327926635742188,16.192188262939453,31534.934218750008,594717376.0,270536.71875,,,,,,14,,,,
S0987,15719.8203125,0.4259989261627197,11Jul2000 00:15:00,16Jul2000 12:00:00,327.6592712402344,11.090351104736328,17.83637809753418,19878.12574218758,581244096.0,262637.78125,,,,,,14,,,,
S0982,13808.3984375,0.39778754115104675,11Jul2000 00:15:00,16Jul2000 12:00:00,327.6592712402344,10.309728622436523,14.107275009155273,17803.202910156466,569402432.0,219534.359375,,,,,,14,,,,
S0988,13444.748046875,0.3777751624584198,11Jul2000 00:15:00,16Jul2000 12:00:00,327.6592712402344,10.439842224121094,14.915046691894531,19318.963632812505,558946560.0,201694.078125,,,,,,14,,,,
S0766,8470.537109375,0.3269525170326233,12Jul2000 07:15:00,16Jul2000 00:00:00,327.6592712402344,11.981769561767578,19.43771743774414,12005.084072265674,588475456.0,289802.59375,,,,,,14,,,,
S0996,10254.43359375,0.4631374180316925,12Jul2000 00:15:00,16Jul2000 06:00:00,327.6592712402344,5.9183268547058105,10.481961250305176,9303.590371093811,566114048.0,161539.453125,,,,,,14,,,,
S0991,21927.4375,0.5197492241859436,09Jul2000 00:15:00,17Jul2000 06:00:00,327.6592712402344,6.164682388305664,11.241751670837402,24839.96697265636,572958272.0,172742.625,,,,,,14,,,,
S0993,21766.484375,0.5193885564804077,10Jul2000 00:15:00,17Jul2000 00:00:00,327.6592712402344,14.470756530761719,24.347036361694336,23032.770996094274,615188032.0,332699.84375,,,,,,14,,,,
S0978,17530.587890625,0.41364872455596924,10Jul2000 00:15:00,17Jul2000 00:00:00,327.6592712402344,10.363033294677734,16.32334327697754,25675.571582031356,558558400.0,209227.765625,,,,,,14,,,,
S0997,20867.96875,0.41553202271461487,09Jul2000 00:15:00,17Jul2000 12:00:00,327.6592712402344,10.53308391571045,15.770303726196289,30028.181054687564,559736000.0,216819.4375,46.78413391113281,,,5.395019054412842,21.670000076293945,14,,,,
S1001,9770.73046875,0.5042004585266113,12Jul2000 00:15:00,16Jul2000 00:00:00,327.6592712402344,5.782535552978516,12.785966873168945,8792.32955078126,563340736.0,130286.515625,,,,,,14,,,,
S0772,12577.6845703125,0.3858183026313782,11Jul2000 04:15:00,16Jul2000 12:00:00,327.6592712402344,13.940237998962402,23.44085121154785,16807.240019531328,564483520.0,282514.625,,,,,,14,,,,
S0998,18786.8046875,0.44389787316322327,10Jul2000 00:15:00,17Jul2000 06:00:00,327.6592712402344,9.110143661499023,11.4874849319458,25330.385000000017,578153280.0,166773.515625,,,,,,14,,,,
S1004,13187.771484375,0.38248559832572937,11Jul2000 00:15:00,16Jul2000 12:00:00,327.6592712402344,8.511636734008789,11.258543968200684,19033.39683593756,566415424.0,179130.875,,,,,,14,,,,
S0776,16887.986328125,0.4028199315071106,10Jul2000 00:15:00,17Jul2000 00:00:00,327.6592712402344,8.084617614746094,14.827729225158691,25794.49197265629,566161600.0,182624.84375,,,,,,14,,,,
S1005,21418.087890625,0.41318121552467346,09Jul2000 00:15:00,17Jul2000 12:00:00,327.6592712402344,9.923114776611328,12.34383487701416,30513.19503906268,566431936.0,185769.21875,133.9678497314453,,,5.3112030029296875,21.670000076293945,14,,,,
S1006,17618.33203125,0.5014381408691406,10Jul2000 00:15:00,17Jul2000 06:00:00,327.6592712402344,5.694621562957764,10.906352043151855,21267.910976562634,557797376.0,158517.28125,,,,,,14,,,,
S1002,20930.455078125,0.4905925691127777,09Jul2000 00:15:00,17Jul2000 12:00:00,327.6592712402344,7.931684494018555,11.623871803283691,25574.121855468897,564326592.0,168437.109375,66.82492065429688,,,5.374032020568848,21.670000076293945,14,,,,
S1011,20060.880859375,0.5376473665237427,09Jul2000 00:15:00,17Jul2000 06:00:00,327.6592712402344,5.790736198425293,11.343138694763184,22745.082226562987,567975488.0,160754.6875,,,,,,14,,,,
S1012,22268.923828125,0.4815843105316162,09Jul2000 00:15:00,17Jul2000 06:00:00,327.6592712402344,11.185121536254883,15.50452709197998,25856.72152343765,585003008.0,246797.421875,,,,,,14,,,,
S0771,9159.9716796875,0.3778507709503174,12Jul2000 00:15:00,16Jul2000 00:00:00,327.6592712402344,11.765796661376953,22.038419723510742,11188.620126953487,585187968.0,288074.0625,,,,,,14,,,,
S0984,19274.642578125,0.48920804262161255,10Jul2000 00:15:00,17Jul2000 06:00:00,327.6592712402344,8.033145904541016,15.456502914428711,22749.803437500013,572961152.0,224825.0625,,,,,,14,,,,
S1015,16846.693359375,0.3920748233795166,10Jul2000 00:15:00,17Jul2000 00:00:00,327.6592712402344,9.016962051391602,12.960589408874512,25739.764042968767,557795840.0,195980.03125,,,,,,14,,,,
S0990,17055.9140625,0.4132753014564514,10Jul2000 00:15:00,17Jul2000 00:00:00,327.6592712402344,9.626893997192383,18.866609573364258,24455.752753906305,563716736.0,261191.203125,,,,,,14,,,,
S0980,22986.837890625,0.4567317068576813,09Jul2000 00:15:00,17Jul2000 12:00:00,327.6592712402344,10.321310997009277,19.471647262573242,28541.27599609386,572410688.0,268109.78125,122.70631408691406,,,5.326785087585449,21.670000076293945,14,,,,
S1016,28451.15625,0.5055758953094482,09Jul2000 00:15:00,17Jul2000 06:00:00,327.6592712402344,14.856830596923828,14.402931213378906,30058.086113281424,645655936.0,233057.59375,,,,,,14,,,,
S0995,14195.5029296875,0.5238952040672302,11Jul2000 00:15:00,16Jul2000 18:00:00,327.6592712402344,7.12431526184082,13.997023582458496,14706.346513671948,561019584.0,168437.4375,,,,,,14,,,,
S0994,17784.341796875,0.47278010845184326,10Jul2000 00:15:00,17Jul2000 06:00:00,327.6592712402344,6.147642135620117,15.884394645690918,21786.764707031332,578865472.0,169350.96875,,,,,,14,,,,
S1018,16958.78515625,0.4477475583553314,10Jul2000 00:15:00,17Jul2000 00:00:00,327.6592712402344,9.631717681884766,16.32459259033203,22403.392324218912,559287104.0,169412.984375,,,,,,14,,,,
S0992,22051.095703125,0.43277204036712646,09Jul2000 00:15:00,17Jul2000 12:00:00,327.6592712402344,8.623146057128906,15.233603477478027,29889.32052734408,572088320.0,233589.46875,99.83001708984375,,,5.9353718757629395,21.670000076293945,14,,,,
S1021,21014.662109375,0.4515124559402466,09Jul2000 00:15:00,17Jul2000 12:00:00,327.6592712402344,9.739102363586426,16.3223934173584,26996.877050781477,563029696.0,186743.046875,104.27155303955078,,,5.052530288696289,21.670000076293945,14,,,,
S0754,17410.732421875,0.42465144395828247,10Jul2000 00:15:00,17Jul2000 06:00:00,327.6592712402344,12.819669723510742,20.3017578125,23249.050312500076,608434880.0,305429.34375,,,,,,14,,,,
S1007,17475.705078125,0.44456467032432556,10Jul2000 00:15:00,17Jul2000 00:00:00,327.6592712402344,8.850513458251953,11.401857376098633,22657.979570312513,582527360.0,175138.40625,,,,,,14,,,,
S0985,20852.08984375,0.49455541372299194,09Jul2000 00:15:00,17Jul2000 06:00:00,327.6592712402344,5.747689247131348,11.548995971679688,24858.89201171891,560878080.0,172882.171875,,,,,,14,,,,
S1010,20562.62890625,0.3919166326522827,09Jul2000 00:15:00,17Jul2000 06:00:00,327.6592712402344,6.171039581298828,11.02723503112793,30191.305449219326,574591680.0,166226.09375,,,,,,14,,,,
S0989,17829.623046875,0.5466219186782837,10Jul2000 00:15:00,17Jul2000 06:00:00,327.6592712402344,6.600237846374512,13.182706832885742,19335.290585937535,557796736.0,142667.09375,,,,,,14,,,,
S1009,17061.853515625,0.48123490810394287,10Jul2000 00:15:00,17Jul2000 00:00:00,327.6592712402344,7.029284477233887,10.509703636169434,21538.314570312567,558135168.0,141733.484375,,,,,,14,,,,
S1030,8237.2080078125,0.4498809278011322,12Jul2000 10:15:00,16Jul2000 00:00:00,327.6592712402344,7.190468788146973,11.01771068572998,8083.763945312592,557796800.0,175367.734375,,,,,,14,,,,
S0999,22208.615234375,0.4549518823623657,09Jul2000 00:15:00,17Jul2000 12:00:00,327.6592712402344,8.021242141723633,9.920278549194336,28005.266425781316,584945408.0,150771.03125,97.49053192138672,,,4.8378801345825195,21.670000076293945,14,,,,
S1031,16931.833984375,0.38253000378608704,10Jul2000 00:15:00,17Jul2000 00:00:00,327.6592712402344,5.981385231018066,12.662516593933105,25908.317089843757,576204096.0,192872.234375,,,,,,14,,,,
S1000,17281.27734375,0.529552161693573,10Jul2000 00:15:00,17Jul2000 00:00:00,327.6592712402344,6.084541320800781,11.774574279785156,18576.427695312537,571775232.0,148448.84375,,,,,,14,,,,
S1028,16822.10546875,0.49632543325424194,10Jul2000 00:15:00,17Jul2000 00:00:00,327.6592712402344,7.609734535217285,11.618623733520508,20107.921035156272,557803072.0,152137.015625,,,,,,14,,,,
S0986,24476.451171875,0.4218730032444,09Jul2000 00:15:00,17Jul2000 12:00:00,327.6592712402344,12.44819164276123,21.58150291442871,32247.21076171893,590975040.0,266959.40625,119.60501098632812,,,5.736310958862305,21.670000076293945,14,,,,
S0742,8591.560546875,0.3605393171310425,12Jul2000 09:15:00,16Jul2000 00:00:00,327.6592712402344,11.202009201049805,17.629371643066406,11429.38684570313,594160128.0,294103.78125,,,,,,14,,,,
S1014,22210.169921875,0.42052727937698364,10Jul2000 00:15:00,17Jul2000 06:00:00,327.6592712402344,10.749507904052734,14.727728843688965,29411.66775390629,609397568.0,234567.5625,,,,,,14,,,,
S1035,31542.12109375,0.8360704779624939,11Jul2000 00:15:00,16Jul2000 12:00:00,327.6592712402344,11.404439926147461,22.823833465576172,20078.531738281537,623580096.0,232892.15625,,,,,,14,,,,
S1017,7941.85986328125,0.39619335532188416,12Jul2000 13:15:00,16Jul2000 00:00:00,327.6592712402344,6.198768615722656,10.559747695922852,8451.805000000008,566080000.0,162013.203125,,,,,,14,,,,
S1027,20844.83984375,0.4856793284416199,09Jul2000 00:15:00,17Jul2000 12:00:00,327.6592712402344,5.7238006591796875,14.398499488830566,24953.181933594213,573160256.0,155218.640625,50.887969970703125,,,3.8683907985687256,21.670000076293945,14,,,,
S1039,20819.44921875,0.4968125522136688,09Jul2000 00:15:00,17Jul2000 12:00:00,327.6592712402344,7.440180778503418,10.311210632324219,24383.385117187558,571228544.0,145407.8125,51.06019973754883,,,4.391690731048584,21.670000076293945,14,,,,
S1040,17650.671875,0.4631580710411072,10Jul2000 00:15:00,17Jul2000 06:00:00,327.6592712402344,9.343029975891113,12.07813549041748,22669.65630859376,583276672.0,191980.796875,,,,,,14,,,,
S1043,46893.5,0.6884836554527283,09Jul2000 00:15:00,17Jul2000 12:00:00,327.6592712402344,22.66929054260254,22.516061782836914,35470.85539062508,702467904.0,314463.09375,124.99217987060547,,,11.219870567321777,21.670000076293945,14,,,,
S1019,33114.79296875,0.4766530394554138,09Jul2000 00:15:00,17Jul2000 06:00:00,327.6592712402344,18.745330810546875,15.227949142456055,35628.425429687595,651605568.0,254671.078125,,,,,,14,,,,
S1023,16263.1904296875,0.3705185353755951,10Jul2000 06:15:00,16Jul2000 18:00:00,327.6592712402344,10.41923999786377,21.946399688720703,23156.56962890629,611406336.0,299805.84375,,,,,,14,,,,
S1008,13875.2197265625,0.44647738337516785,11Jul2000 00:15:00,16Jul2000 12:00:00,327.6592712402344,12.250404357910156,17.450326919555664,17183.613144531268,580130880.0,248101.46875,,,,,,14,,,,
S1048,20611.14453125,0.4114878177642822,09Jul2000 00:15:00,17Jul2000 12:00:00,327.6592712402344,10.7905855178833,16.324609756469727,28957.3825781251,585092160.0,212618.953125,163.6975860595703,,,5.616400718688965,21.670000076293945,14,,,,
S1051,20662.806640625,0.35112252831459045,09Jul2000 00:15:00,17Jul2000 12:00:00,327.6592712402344,12.718475341796875,14.418036460876465,32888.50296875005,619621440.0,225675.515625,108.20240020751953,,,7.668586254119873,21.670000076293945,14,,,,
S1050,18313.94921875,0.38546034693717957,10Jul2000 00:15:00,17Jul2000 06:00:00,327.6592712402344,11.220865249633789,22.200702667236328,26315.273339843905,631324736.0,277802.53125,,,,,,14,,,,
S1029,18269.05859375,0.32815277576446533,10Jul2000 00:15:00,17Jul2000 06:00:00,327.6592712402344,10.140779495239258,15.792366981506348,30668.727324218777,614861888.0,262381.0,,,,,,14,,,,
S1038,16795.849609375,0.4342383146286011,10Jul2000 00:15:00,16Jul2000 18:00:00,327.6592712402344,6.945751190185547,13.859272956848145,22063.035039062794,579559552.0,196893.71875,,,,,,14,,,,
S1033,222335.5,4.320374488830566,09Jul2000 00:15:00,17Jul2000 12:00:00,327.6592712402344,16.503034591674805,32.158634185791016,27964.267421875313,650394176.0,317442.8125,229.5410919189453,,,9.231657981872559,21.670000076293945,14,,,,
S1034,24072.521484375,0.7254873514175415,11Jul2000 00:15:00,16Jul2000 12:00:00,327.6592712402344,12.110149383544922,26.848539352416992,17341.174511718928,587769664.0,279669.90625,,,,,,14,,,,
S1026,20082.255859375,0.497382789850235,09Jul2000 00:15:00,17Jul2000 06:00:00,327.6592712402344,6.957475662231445,12.31241226196289,23636.078261718787,567420544.0,197486.984375,,,,,,14,,,,
S1024,8424.814453125,0.49448361992836,12Jul2000 08:15:00,16Jul2000 00:00:00,327.6592712402344,6.50536584854126,10.240279197692871,6806.652377929756,557809408.0,140426.921875,,,,,,14,,,,
S1025,20176.689453125,0.399502694606781,09Jul2000 00:15:00,17Jul2000 06:00:00,327.6592712402344,7.279844760894775,15.169234275817871,29870.092128906545,567706368.0,215572.765625,,,,,,14,,,,
S1032,15962.7607421875,0.4884077310562134,10Jul2000 03:15:00,16Jul2000 18:00:00,327.6592712402344,5.602754592895508,10.954854965209961,19315.440234375117,562531840.0,170476.25,,,,,,14,,,,
S1059,20820.650390625,0.4305814802646637,09Jul2000 00:15:00,17Jul2000 12:00:00,327.6592712402344,7.94823694229126,10.489370346069336,27463.452402343763,581908160.0,168198.96875,63.53733825683594,,,5.052738666534424,21.670000076293945,14,,,,
S1036,22924.4453125,0.47615471482276917,11Jul2000 00:15:00,16Jul2000 12:00:00,327.6592712402344,23.162105560302734,24.97437286376953,25655.320839843786,665285440.0,313558.0625,,,,,,14,,,,
S1037,18476.0703125,0.5102089643478394,10Jul2000 00:15:00,17Jul2000 06:00:00,327.6592712402344,8.008665084838867,10.271353721618652,21738.77119140627,571219072.0,146860.109375,,,,,,14,,,,
S1058,8991.0,0.44256046414375305,12Jul2000 02:15:00,16Jul2000 00:00:00,327.6592712402344,10.804752349853516,20.79932975769043,9488.78458984377,565704320.0,267467.125,,,,,,14,,,,
S1046,13651.1943359375,0.5376884937286377,11Jul2000 00:15:00,16Jul2000 18:00:00,327.6592712402344,6.494335174560547,9.797157287597656,13780.695371093776,557798592.0,145409.0625,,,,,,14,,,,
S1044,9354.2099609375,0.394394189119339,12Jul2000 00:15:00,16Jul2000 00:00:00,327.6592712402344,11.83028793334961,16.714799880981445,11163.997255859378,580552768.0,271841.75,,,,,,14,,,,
S0440,19569.8125,0.5460113883018494,10Jul2000 04:15:00,17Jul2000 00:00:00,327.6592712402344,7.420924663543701,10.453125,21391.637519531254,565398464.0,153302.96875,,,,,,14,,,,
S1061,20725.236328125,0.4410557746887207,09Jul2000 00:15:00,17Jul2000 12:00:00,327.6592712402344,7.670605182647705,10.780477523803711,27815.98306640627,568842112.0,169860.921875,37.72011947631836,,,5.099670886993408,21.670000076293945,14,,,,
S1020,17525.55859375,0.3954753279685974,10Jul2000 00:15:00,17Jul2000 06:00:00,327.6592712402344,6.098474502563477,16.12441062927246,26222.21117187511,578216960.0,170938.203125,,,,,,14,,,,
S1062,12986.1875,0.40415158867836,11Jul2000 00:15:00,16Jul2000 12:00:00,327.6592712402344,11.394001007080078,24.900407791137695,17065.3989257813,576964224.0,319899.96875,,,,,,14,,,,
S1052,9338.2265625,0.4317761957645416,12Jul2000 00:15:00,16Jul2000 00:00:00,327.6592712402344,5.786616325378418,8.674296379089355,8915.407675781298,574410752.0,134744.875,,,,,,14,,,,
S1057,16241.4775390625,0.40185731649398804,10Jul2000 00:15:00,16Jul2000 18:00:00,327.6592712402344,6.33768367767334,19.254892349243164,23053.633183593778,580197440.0,227311.015625,,,,,,14,,,,
S1238,22327.041015625,0.4968356490135193,09Jul2000 00:15:00,17Jul2000 12:00:00,327.6592712402344,10.26488971710205,13.695723533630371,26177.013789062705,572408832.0,223986.078125,174.7380828857422,,,6.736783504486084,21.670000076293945,14,,,,
S1055,13527.8974609375,0.33890199661254883,11Jul2000 00:15:00,16Jul2000 18:00:00,327.6592712402344,12.230348587036133,15.578997611999512,21865.457050781304,616550528.0,268160.59375,,,,,,14,,,,
S1240,17414.796875,0.40622803568840027,10Jul2000 00:15:00,16Jul2000 18:00:00,327.6592712402344,7.8826985359191895,18.935073852539062,24891.334179687725,573843328.0,301687.125,,,,,,14,,,,
S1042,18373.826171875,0.4347785413265228,11Jul2000 00:15:00,16Jul2000 06:00:00,327.6592712402344,22.37234878540039,22.718992233276367,22190.346171875113,668123968.0,330033.5625,,,,,,14,,,,
S1067,20059.94921875,0.5321948528289795,09Jul2000 00:15:00,17Jul2000 06:00:00,327.6592712402344,5.7383880615234375,8.805662155151367,21676.796015625165,574527424.0,123891.8984375,,,,,,14,,,,
S1049,16154.9794921875,0.4624361991882324,10Jul2000 00:15:00,16Jul2000 18:00:00,327.6592712402344,7.227579593658447,21.795753479003906,19317.775917968953,579446400.0,225602.65625,,,,,,14,,,,
S1243,16952.486328125,0.4540463387966156,10Jul2000 00:15:00,17Jul2000 00:00:00,327.6592712402344,9.022964477539062,15.419927597045898,22604.512832031367,561024832.0,165210.59375,,,,,,14,,,,
S1053,8092.35107421875,0.33938542008399963,12Jul2000 11:15:00,16Jul2000 00:00:00,327.6592712402344,8.702306747436523,10.686556816101074,9921.919785156264,570140672.0,171697.625,,,,,,14,,,,
S1064,16951.7578125,0.47526052594184875,10Jul2000 00:15:00,17Jul2000 00:00:00,327.6592712402344,7.182880401611328,10.02959156036377,22048.92271484387,557800256.0,142218.9375,,,,,,14,,,,
S1054,17378.6171875,0.40878430008888245,10Jul2000 00:15:00,17Jul2000 06:00:00,327.6592712402344,9.720808029174805,16.898731231689453,24473.923378906453,589623808.0,249991.03125,,,,,,14,,,,
S1056,17713.3203125,0.33712002635002136,10Jul2000 00:15:00,17Jul2000 06:00:00,327.6592712402344,19.21198844909668,15.068953514099121,28580.099335937884,650130240.0,253181.375,,,,,,14,,,,
S1257,14251.607421875,0.5512281060218811,11Jul2000 00:15:00,16Jul2000 18:00:00,327.6592712402344,5.873958587646484,10.63418197631836,13977.714931640627,565543168.0,168323.25,,,,,,14,,,,
S1060,8946.4736328125,0.4268684685230255,12Jul2000 03:15:00,16Jul2000 00:00:00,327.6592712402344,5.835953712463379,8.293838500976562,9080.645957031316,564970624.0,127507.4296875,,,,,,14,,,,
S1247,15249.892578125,0.5285489559173584,11Jul2000 00:15:00,16Jul2000 18:00:00,327.6592712402344,6.055776596069336,19.389265060424805,15913.464101562546,575226816.0,138201.28125,,,,,,14,,,,
S1241,23191.271484375,0.47431662678718567,09Jul2000 00:15:00,17Jul2000 12:00:00,327.6592712402344,12.265856742858887,20.891084671020508,27681.239882812504,588310912.0,283051.78125,114.07839965820312,,,5.385032653808594,21.670000076293945,14,,,,
S1255,17850.943359375,0.506864607334137,10Jul2000 00:15:00,17Jul2000 00:00:00,327.6592712402344,7.308527946472168,10.596285820007324,20975.130019531265,573314880.0,162213.09375,,,,,,14,,,,
S1066,9916.6298828125,0.38404443860054016,12Jul2000 00:15:00,16Jul2000 06:00:00,327.6592712402344,7.4483323097229,13.209473609924316,12109.70990234378,574709312.0,214884.53125,,,,,,14,,,,
S1245,20765.498046875,0.48071664571762085,09Jul2000 00:15:00,17Jul2000 12:00:00,327.6592712402344,7.795035362243652,14.019800186157227,26363.492226562543,563614336.0,209684.15625,47.61882400512695,,,5.150137424468994,21.670000076293945,14,,,,
S1242,10058.84765625,0.4398505687713623,12Jul2000 00:15:00,16Jul2000 00:00:00,327.6592712402344,9.346656799316406,16.20901107788086,9423.314843750217,566170880.0,236450.28125,,,,,,14,,,,
S1246,22240.00390625,0.5188003182411194,09Jul2000 00:15:00,17Jul2000 06:00:00,327.6592712402344,10.807409286499023,14.595903396606445,25543.21757812502,586161280.0,238996.71875,,,,,,14,,,,
S1262,21489.453125,0.4946230351924896,09Jul2000 00:15:00,17Jul2000 12:00:00,327.6592712402344,5.906248092651367,11.678121566772461,25308.124335937715,572312384.0,160197.671875,89.33531951904297,,,4.38931131362915,21.670000076293945,14,,,,
S1264,14349.1552734375,0.4431116282939911,11Jul2000 00:15:00,16Jul2000 12:00:00,327.6592712402344,8.319306373596191,12.29127311706543,17420.074316406703,581399296.0,175172.859375,,,,,,14,,,,
S1267,17175.12109375,0.4761701226234436,10Jul2000 00:15:00,17Jul2000 00:00:00,327.6592712402344,5.779046058654785,10.951457977294922,21331.39333984379,574707968.0,162123.484375,,,,,,14,,,,
S1249,17013.375,0.4985422194004059,10Jul2000 00:15:00,17Jul2000 00:00:00,327.6592712402344,6.041382789611816,11.558521270751953,19485.130605469003,570813760.0,169366.765625,,,,,,14,,,,
S1022,20943.525390625,0.3753357529640198,09Jul2000 00:15:00,17Jul2000 06:00:00,327.6592712402344,8.748010635375977,14.019681930541992,31640.62482421882,599599040.0,219722.296875,,,,,,14,,,,
S1259,21252.791015625,0.503868043422699,09Jul2000 00:15:00,17Jul2000 06:00:00,327.6592712402344,6.44430685043335,10.694077491760254,24423.27126953133,582514112.0,145747.03125,,,,,,14,,,,
S1256,23608.267578125,0.44852083921432495,09Jul2000 00:15:00,17Jul2000 12:00:00,327.6592712402344,6.341378211975098,12.958252906799316,30819.48234375003,577320384.0,193490.234375,168.1127471923828,,,5.230855941772461,21.670000076293945,14,,,,
S1251,17876.013671875,0.40989914536476135,10Jul2000 00:15:00,17Jul2000 06:00:00,327.6592712402344,6.265872955322266,13.585707664489746,25483.859609375046,579558592.0,198697.6875,,,,,,14,,,,
S0738,11631.6123046875,0.47606161236763,11Jul2000 10:15:00,16Jul2000 06:00:00,327.6592712402344,5.691680908203125,9.928597450256348,11134.741083984376,571942400.0,141824.046875,,,,,,14,,,,
S1260,20108.140625,0.47955548763275146,09Jul2000 00:15:00,17Jul2000 06:00:00,327.6592712402344,7.871543884277344,12.513994216918945,25267.15025390626,563524864.0,177813.796875,,,,,,14,,,,
S0741,12906.2568359375,0.39049991965293884,12Jul2000 00:15:00,16Jul2000 06:00:00,327.6592712402344,17.202362060546875,19.898099899291992,17457.231757812628,631781120.0,324571.625,,,,,,14,,,,
S1250,18299.205078125,0.38665100932121277,10Jul2000 00:15:00,16Jul2000 18:00:00,327.6592712402344,13.812119483947754,19.895017623901367,26606.578027343847,599686208.0,310339.34375,,,,,,14,,,,
S1273,14060.21875,0.38647598028182983,11Jul2000 00:15:00,16Jul2000 18:00:00,327.6592712402344,8.338176727294922,11.517251014709473,20516.013125000187,567245504.0,178833.046875,,,,,,14,,,,
S1274,9651.0712890625,0.3266654908657074,12Jul2000 00:15:00,16Jul2000 00:00:00,327.6592712402344,10.581817626953125,13.48336124420166,13072.5496484376,574962624.0,177523.53125,,,,,,14,,,,
S1275,21281.361328125,0.4851814806461334,09Jul2000 00:15:00,17Jul2000 12:00:00,327.6592712402344,6.8603515625,14.704025268554688,25676.84974609379,562205248.0,136666.953125,70.72048950195312,,,4.3918938636779785,21.670000076293945,14,,,,
S1244,13494.3203125,0.44037604331970215,11Jul2000 00:15:00,16Jul2000 12:00:00,327.6592712402344,5.822113990783691,10.570036888122559,15723.18948242191,575905088.0,169521.671875,,,,,,14,,,,
S1269,9311.6787109375,0.44009241461753845,12Jul2000 00:15:00,16Jul2000 00:00:00,327.6592712402344,5.751729965209961,10.731273651123047,8111.160844726652,574705088.0,153534.8125,,,,,,14,,,,
S1248,24802.474609375,0.4765588343143463,09Jul2000 00:15:00,17Jul2000 06:00:00,327.6592712402344,9.008471488952637,19.9506778717041,29837.63906250024,602293056.0,280895.375,,,,,,14,,,,
S1258,14740.529296875,0.40092313289642334,11Jul2000 00:15:00,16Jul2000 12:00:00,327.6592712402344,10.226587295532227,16.32334327697754,20034.70097656266,575943296.0,174832.203125,,,,,,14,,,,
S1253,12528.958984375,0.4592278003692627,11Jul2000 00:15:00,16Jul2000 06:00:00,327.6592712402344,5.6625447273254395,11.151172637939453,13266.662910156689,571028672.0,152899.8125,,,,,,14,,,,
S1263,20962.923828125,0.517107367515564,10Jul2000 00:15:00,17Jul2000 06:00:00,327.6592712402344,8.1522216796875,12.561394691467285,24525.089453125016,582321472.0,198119.875,,,,,,14,,,,
S1283,13957.5068359375,0.4328303933143616,11Jul2000 00:15:00,16Jul2000 18:00:00,327.6592712402344,7.0511369705200195,9.634354591369629,17863.50800781257,567265024.0,138683.875,,,,,,14,,,,
S1285,16227.1728515625,0.4811248779296875,10Jul2000 00:15:00,16Jul2000 18:00:00,327.6592712402344,6.147946357727051,15.884394645690918,19594.32505859381,578868800.0,148114.9375,,,,,,14,,,,
S1003,13794.8134765625,0.3970111012458801,11Jul2000 00:15:00,16Jul2000 18:00:00,327.6592712402344,6.164770126342773,13.284833908081055,19008.229882812768,569440192.0,190966.8125,,,,,,14,,,,
S0183,9333.2958984375,0.4156252145767212,12Jul2000 00:15:00,16Jul2000 00:00:00,327.6592712402344,8.319825172424316,11.574284553527832,10244.62430664073,564247488.0,174911.96875,,,,,,14,,,,
S1239,21584.37109375,0.44864723086357117,10Jul2000 00:15:00,17Jul2000 00:00:00,327.6592712402344,17.66301727294922,24.81979751586914,27301.156406250015,600719232.0,312444.125,,,,,,14,,,,
S1063,19739.603515625,0.38634586334228516,09Jul2000 00:15:00,17Jul2000 06:00:00,327.6592712402344,13.711865425109863,15.328282356262207,28339.5303320313,628121280.0,239993.703125,,,,,,14,,,,
S1272,18617.615234375,0.43624502420425415,10Jul2000 00:15:00,17Jul2000 06:00:00,327.6592712402344,8.582454681396484,11.028892517089844,24628.23589843759,584785024.0,173815.5,,,,,,14,,,,
S1280,17683.669921875,0.4903155565261841,10Jul2000 00:15:00,17Jul2000 06:00:00,327.6592712402344,5.659265995025635,10.692667961120605,21852.467441406465,571711488.0,167243.5,,,,,,14,,,,
S1270,21985.158203125,0.40980014204978943,09Jul2000 00:15:00,17Jul2000 12:00:00,327.6592712402344,7.809375762939453,13.292492866516113,31054.434277343782,568926976.0,181709.0,123.57219696044922,,,5.174282073974609,21.670000076293945,14,,,,
S1315,19534.7578125,0.29343968629837036,10Jul2000 00:15:00,17Jul2000 06:00:00,327.6592712402344,15.845437049865723,24.225914001464844,32260.61417968755,616865792.0,329722.9375,,,,,,14,,,,
S1265,13393.109375,0.38708046078681946,11Jul2000 00:15:00,16Jul2000 12:00:00,327.6592712402344,7.1867852210998535,14.327996253967285,18171.254218750233,579962944.0,171168.984375,,,,,,14,,,,
S1065,12876.3154296875,0.3942427635192871,11Jul2000 00:15:00,16Jul2000 12:00:00,327.6592712402344,10.960399627685547,21.088802337646484,17109.929980468754,600604480.0,283311.125,,,,,,14,,,,
S1266,21488.21484375,0.46674636006355286,09Jul2000 00:15:00,17Jul2000 06:00:00,327.6592712402344,6.271930694580078,9.391152381896973,26331.108164063164,580687808.0,140654.953125,,,,,,14,,,,
S1261,16998.271484375,0.48980242013931274,10Jul2000 00:15:00,17Jul2000 00:00:00,327.6592712402344,5.656644821166992,11.438722610473633,20370.06119140651,572108608.0,161956.25,,,,,,14,,,,
S1013,17700.6796875,0.4695162773132324,10Jul2000 00:15:00,17Jul2000 06:00:00,327.6592712402344,6.210610389709473,11.142440795898438,21745.17986328132,574410112.0,176303.34375,,,,,,14,,,,
S1319,9333.4560546875,0.4686890244483948,12Jul2000 00:15:00,16Jul2000 00:00:00,327.6592712402344,7.156371593475342,11.349520683288574,9127.838388672057,563476416.0,174912.90625,,,,,,14,,,,
S1278,16370.4111328125,0.498076856136322,10Jul2000 00:15:00,16Jul2000 18:00:00,327.6592712402344,7.127710342407227,10.763728141784668,19661.27607421887,557806720.0,146475.328125,,,,,,14,,,,
S1284,16810.451171875,0.5524759292602539,10Jul2000 00:15:00,17Jul2000 00:00:00,327.6592712402344,5.419000625610352,10.336572647094727,17986.517460937597,559958528.0,133503.265625,,,,,,14,,,,
S1279,21143.388671875,0.446073055267334,09Jul2000 00:15:00,17Jul2000 06:00:00,327.6592712402344,6.209318161010742,9.63573169708252,27087.758339843782,575522816.0,140150.046875,,,,,,14,,,,
S1321,27300.33984375,0.5509985089302063,09Jul2000 00:15:00,17Jul2000 12:00:00,327.6592712402344,10.396256446838379,16.39361572265625,28053.885058593856,619354752.0,271238.625,151.31167602539062,,,8.734415054321289,21.670000076293945,14,,,,
S1271,20918.525390625,0.5377228856086731,09Jul2000 00:15:00,17Jul2000 12:00:00,327.6592712402344,5.690370559692383,10.105565071105957,23098.716914062705,571943936.0,134022.578125,105.81304931640625,,,3.8457906246185303,21.670000076293945,14,,,,
S1322,16863.732421875,0.5360326170921326,10Jul2000 00:15:00,17Jul2000 00:00:00,327.6592712402344,5.8828558921813965,9.46760082244873,18993.52849609386,560642240.0,141122.25,,,,,,14,,,,
S1323,9881.169921875,0.3421126902103424,12Jul2000 00:15:00,16Jul2000 06:00:00,327.6592712402344,10.24423599243164,21.829797744750977,13779.985468750008,608917120.0,330125.9375,,,,,,14,,,,
S1324,20133.982421875,0.40237072110176086,09Jul2000 00:15:00,17Jul2000 06:00:00,327.6592712402344,8.678834915161133,11.277619361877441,29339.414433594106,588386368.0,155449.046875,,,,,,14,,,,
S1268,20194.791015625,0.41352322697639465,09Jul2000 00:15:00,17Jul2000 06:00:00,327.6592712402344,7.911247730255127,13.216510772705078,29228.59304687527,566781632.0,191273.875,,,,,,14,,,,
S1277,16802.41015625,0.5368333458900452,10Jul2000 00:15:00,17Jul2000 00:00:00,327.6592712402344,5.494810104370117,8.399295806884766,18198.32994140655,570246656.0,128748.375,,,,,,14,,,,
S1326,17333.380859375,0.4078940451145172,10Jul2000 00:15:00,17Jul2000 06:00:00,327.6592712402344,9.812976837158203,20.082353591918945,24663.065839843825,593679872.0,300503.40625,,,,,,14,,,,
S1252,9907.2490234375,0.5409213900566101,12Jul2000 00:15:00,16Jul2000 06:00:00,327.6592712402344,5.503366470336914,9.820313453674316,7777.896079101605,570709952.0,136677.28125,,,,,,14,,,,
S1041,17433.599609375,0.42762482166290283,10Jul2000 00:15:00,17Jul2000 00:00:00,327.6592712402344,12.326822280883789,17.816917419433594,23841.73367187514,590897344.0,292551.0625,,,,,,14,,,,
S0758,12928.90625,0.33379074931144714,11Jul2000 00:15:00,16Jul2000 12:00:00,327.6592712402344,10.699956893920898,17.4487361907959,20383.99796875,619618176.0,254401.3125,,,,,,14,,,,
S1310,51578.1796875,0.8531979918479919,10Jul2000 00:15:00,17Jul2000 00:00:00,327.6592712402344,15.887981414794922,28.0693416595459,33122.53679687517,634905280.0,331194.625,197.32781982421875,,,14.022858619689941,21.670000076293945,14,,,,
S1313,17780.15625,0.33267858624458313,12Jul2000 00:15:00,16Jul2000 06:00:00,327.6592712402344,20.699440002441406,36.4912109375,28155.64605468759,638742720.0,340869.5,141.98211669921875,,,14.608799934387207,21.670000076293945,14,,,,
S1331,20668.548828125,0.4130428731441498,09Jul2000 00:15:00,17Jul2000 12:00:00,327.6592712402344,9.532357215881348,12.383086204528809,27753.69126953134,590578752.0,200878.9375,93.5595474243164,,,6.1544952392578125,21.670000076293945,14,,,,
S1282,11949.029296875,0.4984687268733978,11Jul2000 04:15:00,16Jul2000 06:00:00,327.6592712402344,5.7423481941223145,12.199470520019531,11360.208535156258,569406848.0,176798.546875,,,,,,14,,,,
S1317,16931.234375,0.4898056089878082,10Jul2000 00:15:00,17Jul2000 00:00:00,327.6592712402344,6.896000862121582,9.839460372924805,20853.075000000223,566960192.0,149692.359375,,,,,,14,,,,
S1329,17584.033203125,0.30885830521583557,10Jul2000 00:15:00,17Jul2000 06:00:00,327.6592712402344,19.707109451293945,15.905596733093262,31236.341757812526,647254400.0,261244.078125,,,,,,14,,,,
S1314,19809.091796875,0.4568348228931427,10Jul2000 00:15:00,17Jul2000 00:00:00,327.6592712402344,8.612471580505371,15.079992294311523,25311.259238281265,577833600.0,239105.203125,,,,,,14,,,,
S1281,21308.818359375,0.4889412224292755,09Jul2000 00:15:00,17Jul2000 12:00:00,327.6592712402344,5.811334609985352,9.931001663208008,24914.244765625215,575387968.0,139911.71875,89.3202133178711,,,3.9263322353363037,21.670000076293945,14,,,,
S1320,29959.576171875,0.5032784938812256,10Jul2000 00:15:00,17Jul2000 00:00:00,327.6592712402344,23.274547576904297,17.265445709228516,31536.262753906278,677664320.0,302019.40625,,,,,,14,,,,
S1045,16915.5078125,0.3980315327644348,10Jul2000 00:15:00,17Jul2000 00:00:00,327.6592712402344,6.066323280334473,11.534506797790527,24705.670566406265,573762432.0,168208.03125,,,,,,14,,,,
S1318,19685.125,0.40784943103790283,09Jul2000 00:15:00,17Jul2000 06:00:00,327.6592712402344,6.171875,20.81680679321289,24511.667343750127,577462464.0,234741.203125,,,,,,14,,,,
S1311,23053.80859375,0.6407074332237244,10Jul2000 00:15:00,17Jul2000 00:00:00,327.6592712402344,12.16535472869873,27.893327713012695,21387.573847656797,570088448.0,225225.234375,,,,,,14,,,,
S1336,13660.5625,0.43812841176986694,11Jul2000 00:15:00,16Jul2000 18:00:00,327.6592712402344,8.72154712677002,21.036727905273438,17272.222285156287,563518848.0,166554.78125,,,,,,14,,,,
S1254,28578.83203125,0.5362607836723328,09Jul2000 00:15:00,17Jul2000 06:00:00,327.6592712402344,10.481204986572266,15.29819107055664,30783.211171875162,603841984.0,229240.234375,,,,,,14,,,,
S1442,17604.923828125,0.5263185501098633,10Jul2000 00:15:00,17Jul2000 00:00:00,327.6592712402344,10.78658676147461,18.61715316772461,19554.571406250012,561022464.0,184413.375,,,,,,14,,,,
S1341,9297.8310546875,0.4426673948764801,12Jul2000 00:15:00,16Jul2000 00:00:00,327.6592712402344,5.715021133422852,11.492568969726562,8289.013115234398,567882496.0,176285.234375,,,,,,14,,,,
S1333,16251.53515625,0.5006186366081238,10Jul2000 00:15:00,16Jul2000 18:00:00,327.6592712402344,5.858432292938232,11.739112854003906,18857.940078125044,575856704.0,158343.078125,,,,,,14,,,,
S1337,18824.75,0.3482801914215088,09Jul2000 00:15:00,17Jul2000 06:00:00,327.6592712402344,10.30797290802002,25.343456268310547,27902.971093750057,581110720.0,251763.015625,,,,,,14,,,,
S1339,20767.046875,0.4289320707321167,09Jul2000 00:15:00,17Jul2000 12:00:00,327.6592712402344,8.02823543548584,18.85990333557129,27293.451445312614,578378176.0,224077.03125,68.94541931152344,,,5.238420009613037,21.670000076293945,14,,,,
S1445,17245.009765625,0.4825274646282196,10Jul2000 00:15:00,17Jul2000 00:00:00,327.6592712402344,5.626551628112793,10.161094665527344,21258.19166015634,568287488.0,156693.296875,,,,,,14,,,,
S1328,16881.92578125,0.43675053119659424,10Jul2000 00:15:00,17Jul2000 00:00:00,327.6592712402344,7.320562362670898,11.73239517211914,22797.106953125112,572874112.0,181757.5625,,,,,,14,,,,
S1312,76669.9609375,1.3380931615829468,09Jul2000 00:15:00,17Jul2000 12:00:00,327.6592712402344,23.433664321899414,23.820077896118164,30687.138535156293,694324992.0,308166.03125,158.8989715576172,,,11.004344940185547,21.670000076293945,14,,,,
S1447,13130.1416015625,0.37805089354515076,11Jul2000 00:15:00,16Jul2000 12:00:00,327.6592712402344,9.994338989257812,11.379504203796387,18517.556660156253,569351616.0,167809.96875,,,,,,14,,,,
S1327,12880.3349609375,0.4794946312904358,11Jul2000 00:15:00,16Jul2000 12:00:00,327.6592712402344,8.63185977935791,21.238656997680664,14504.914287109392,562367488.0,191158.765625,,,,,,14,,,,
S1454,12613.630859375,0.49115633964538574,11Jul2000 04:15:00,16Jul2000 06:00:00,327.6592712402344,10.579499244689941,21.18610954284668,12261.883632812602,558325440.0,297051.34375,,,,,,14,,,,
S1458,22870.71875,0.4895894527435303,09Jul2000 00:15:00,17Jul2000 12:00:00,327.6592712402344,11.172285079956055,23.867826461791992,27656.93214843757,605853760.0,339216.53125,186.51507568359375,,,8.275798797607422,21.670000076293945,14,,,,
S1455,13726.8056640625,0.4788353443145752,11Jul2000 00:15:00,16Jul2000 18:00:00,327.6592712402344,5.609834671020508,13.752049446105957,15192.372568359817,572422720.0,195994.6875,,,,,,14,,,,
S1330,9182.248046875,0.31574225425720215,12Jul2000 00:15:00,16Jul2000 00:00:00,327.6592712402344,10.593315124511719,14.434528350830078,13291.399267578157,584758976.0,218885.96875,,,,,,14,,,,
S1453,17304.15625,0.49755218625068665,10Jul2000 00:15:00,17Jul2000 00:00:00,327.6592712402344,8.638738632202148,13.804108619689941,20775.027558593803,557807872.0,214271.75,,,,,,14,,,,
S1462,8604.953125,0.45468568801879883,12Jul2000 07:15:00,16Jul2000 00:00:00,327.6592712402344,5.577218055725098,9.084418296813965,7151.267416992292,573094912.0,129506.953125,,,,,,14,,,,
S1446,11009.640625,0.5469077825546265,12Jul2000 00:15:00,16Jul2000 00:00:00,327.6592712402344,6.221087455749512,11.976088523864746,8932.966328125034,557798528.0,122587.71875,,,,,,14,,,,
S1340,12358.8408203125,0.4239238500595093,11Jul2000 00:15:00,16Jul2000 06:00:00,327.6592712402344,6.4127607345581055,17.572959899902344,15242.139433593833,576054912.0,185296.578125,,,,,,14,,,,
S1449,19007.740234375,0.5171197056770325,10Jul2000 00:15:00,17Jul2000 00:00:00,327.6592712402344,10.891926765441895,22.509231567382812,21410.051425781443,557823936.0,226302.6875,,,,,,14,,,,
S1332,13692.28515625,0.40752702951431274,11Jul2000 00:15:00,16Jul2000 18:00:00,327.6592712402344,8.749631881713867,12.021392822265625,18127.94416015638,580081536.0,158603.421875,,,,,,14,,,,
S1464,17766.919921875,0.4977075755596161,10Jul2000 00:15:00,17Jul2000 00:00:00,327.6592712402344,6.106062889099121,13.015594482421875,20677.98042968755,574116352.0,193902.625,,,,,,14,,,,
S1466,23830.890625,0.4312262535095215,09Jul2000 00:15:00,17Jul2000 06:00:00,327.6592712402344,10.345735549926758,15.135133743286133,32265.787460937525,600789696.0,211182.546875,,,,,,14,,,,
S1338,12060.52734375,0.3646668493747711,11Jul2000 02:15:00,16Jul2000 06:00:00,327.6592712402344,9.798811912536621,24.722673416137695,16497.561503906287,589388096.0,308268.6875,,,,,,14,,,,
S1461,13307.283203125,0.4331005811691284,11Jul2000 00:15:00,16Jul2000 12:00:00,327.6592712402344,9.0344877243042,13.622537612915039,15931.25679687503,567043264.0,217599.9375,,,,,,14,,,,
S1467,17537.30859375,0.39374688267707825,10Jul2000 00:15:00,16Jul2000 18:00:00,327.6592712402344,11.07114315032959,14.225375175476074,26374.253574218874,581315584.0,199696.90625,,,,,,14,,,,
S1474,15305.498046875,0.4393121302127838,11Jul2000 00:15:00,16Jul2000 18:00:00,327.6592712402344,7.770447731018066,11.472673416137695,19825.608652343766,577145408.0,172266.703125,,,,,,14,,,,
S1444,18231.58203125,0.492985337972641,10Jul2000 00:15:00,17Jul2000 06:00:00,327.6592712402344,10.064334869384766,12.36093521118164,22359.901289062527,564329344.0,165152.9375,,,,,,14,,,,
S1451,24016.0234375,0.499493807554245,09Jul2000 00:15:00,17Jul2000 12:00:00,327.6592712402344,11.983135223388672,21.59337615966797,26737.047187500062,570277056.0,236718.875,164.99041748046875,,,7.3201904296875,21.670000076293945,14,,,,
S1475,20673.091796875,0.49259936809539795,09Jul2000 00:15:00,17Jul2000 06:00:00,327.6592712402344,6.449004173278809,11.534972190856934,24259.454531250085,573961152.0,161822.953125,,,,,,14,,,,
S1457,19504.01953125,0.41950753331184387,10Jul2000 00:15:00,16Jul2000 18:00:00,327.6592712402344,17.002111434936523,18.490392684936523,26353.099863281543,601956608.0,313257.3125,,,,,,14,,,,
S1478,19189.115234375,0.5223265886306763,10Jul2000 00:15:00,17Jul2000 06:00:00,327.6592712402344,5.7975993156433105,9.464226722717285,21436.376113281356,575929024.0,139626.453125,,,,,,14,,,,
S1335,17375.59765625,0.35117119550704956,10Jul2000 00:15:00,17Jul2000 06:00:00,327.6592712402344,10.36319351196289,20.362010955810547,27751.798261719006,592387136.0,291758.375,,,,,,14,,,,
S1473,18758.900390625,0.4996761381626129,10Jul2000 00:15:00,17Jul2000 06:00:00,327.6592712402344,6.205666542053223,14.827842712402344,22178.211484375053,564606784.0,195370.21875,,,,,,14,,,,
S0443,9507.9453125,0.37274783849716187,12Jul2000 03:15:00,16Jul2000 00:00:00,327.6592712402344,9.623737335205078,14.92241096496582,10958.096152343784,578858304.0,242761.15625,,,,,,14,,,,
S1450,23341.51953125,0.513220489025116,09Jul2000 00:15:00,17Jul2000 06:00:00,327.6592712402344,15.221410751342773,18.08235740661621,25166.092851562622,576251520.0,305461.46875,,,,,,14,,,,
S1465,15575.0107421875,0.5160283446311951,11Jul2000 03:15:00,16Jul2000 12:00:00,327.6592712402344,10.543743133544922,18.715835571289062,15800.86229492189,590049408.0,265150.3125,,,,,,14,,,,
S1482,20766.716796875,0.5121122002601624,09Jul2000 00:15:00,17Jul2000 12:00:00,327.6592712402344,10.265223503112793,38.17310333251953,23115.14861328131,571359424.0,276988.59375,97.17784881591797,,,8.484132766723633,21.670000076293945,14,,,,
S1459,23883.142578125,0.42086780071258545,09Jul2000 00:15:00,17Jul2000 12:00:00,327.6592712402344,13.233870506286621,23.11178970336914,31608.124609375038,601660352.0,321076.84375,117.88294982910156,,,6.3181047439575195,21.670000076293945,14,,,,
S1460,17207.05859375,0.4226040542125702,10Jul2000 00:15:00,17Jul2000 00:00:00,327.6592712402344,10.607213020324707,14.577987670898438,24345.851660156673,568376896.0,217070.4375,,,,,,14,,,,
S0710,21199.931640625,0.4701346755027771,09Jul2000 00:15:00,17Jul2000 06:00:00,327.6592712402344,6.989218711853027,10.495895385742188,26216.002167968836,567089408.0,142595.640625,,,,,,14,,,,
S1472,20722.498046875,0.4952859580516815,10Jul2000 02:15:00,16Jul2000 18:00:00,327.6592712402344,9.821012496948242,16.324249267578125,24554.86396484403,572457856.0,180390.765625,,,,,,14,,,,
S1448,16262.6787109375,0.407903790473938,10Jul2000 00:15:00,16Jul2000 18:00:00,327.6592712402344,10.162582397460938,16.32064437866211,23609.908691406443,558272448.0,174754.1875,,,,,,14,,,,
S1490,8293.619140625,0.4712297320365906,12Jul2000 09:15:00,16Jul2000 00:00:00,327.6592712402344,7.160465240478516,11.281445503234863,6823.163540039074,557800576.0,154761.40625,,,,,,14,,,,
S1484,21109.33984375,0.49917906522750854,09Jul2000 00:15:00,17Jul2000 12:00:00,327.6592712402344,10.281864166259766,22.2153377532959,24413.42800781251,562825664.0,212071.96875,103.6060562133789,,,8.521971702575684,21.670000076293945,14,,,,
S1463,24280.814453125,0.4473818242549896,09Jul2000 00:15:00,17Jul2000 12:00:00,327.6592712402344,9.709115028381348,13.878633499145508,31950.00132812508,595124736.0,227857.59375,220.0567169189453,,,6.939496994018555,21.670000076293945,14,,,,
S1480,13958.1943359375,0.4270513355731964,11Jul2000 00:15:00,16Jul2000 12:00:00,327.6592712402344,6.009603977203369,10.55405044555664,17099.136035156323,577078656.0,168861.5,,,,,,14,,,,
S1479,23164.525390625,0.4008602201938629,09Jul2000 00:15:00,17Jul2000 12:00:00,327.6592712402344,10.078862190246582,38.79672622680664,32475.498984375525,581410816.0,246903.3125,123.42726135253906,,,8.073848724365234,21.670000076293945,14,,,,
S1469,20809.728515625,0.517375111579895,09Jul2000 00:15:00,17Jul2000 12:00:00,327.6592712402344,7.634316921234131,11.998183250427246,24478.6348632813,558502336.0,181006.03125,62.61351776123047,,,5.059699058532715,21.670000076293945,14,,,,
S1481,11579.3984375,0.4037744104862213,11Jul2000 14:15:00,16Jul2000 06:00:00,327.6592712402344,11.878926277160645,33.93116760253906,12988.246025390872,569582848.0,303405.0,,,,,,14,,,,
S1470,29694.99609375,0.5213450193405151,09Jul2000 00:15:00,17Jul2000 12:00:00,327.6592712402344,10.066123962402344,15.556910514831543,32693.84066406251,594365376.0,225188.65625,209.16525268554688,,,7.1060357093811035,21.670000076293945,14,,,,
S1316,9432.2353515625,0.5007596015930176,12Jul2000 00:15:00,16Jul2000 00:00:00,327.6592712402344,5.969532489776611,13.329893112182617,8444.10759765629,561928576.0,172648.703125,,,,,,14,,,,
S1489,20398.47265625,0.46783941984176636,09Jul2000 00:15:00,17Jul2000 06:00:00,327.6592712402344,11.284658432006836,33.24130630493164,25357.832441406266,559898176.0,230757.484375,,,,,,14,,,,
S1452,14892.19921875,0.47709253430366516,11Jul2000 00:15:00,16Jul2000 18:00:00,327.6592712402344,11.481901168823242,16.152341842651367,16669.776542968822,571704896.0,264416.6875,,,,,,14,,,,
S1587,9924.732421875,0.45788684487342834,12Jul2000 00:15:00,16Jul2000 06:00:00,327.6592712402344,5.638745307922363,14.028367042541504,9363.064824218996,561583872.0,150033.046875,,,,,,14,,,,
S1468,16273.423828125,0.4112180173397064,10Jul2000 00:15:00,16Jul2000 18:00:00,327.6592712402344,6.7772932052612305,12.668524742126465,23793.689511718872,566867968.0,191605.984375,,,,,,14,,,,
S1585,17429.767578125,0.40534141659736633,10Jul2000 00:15:00,17Jul2000 06:00:00,327.6592712402344,10.593573570251465,17.45439910888672,25929.24160156253,558705920.0,232662.515625,,,,,,14,,,,
S1276,16988.408203125,0.42484545707702637,10Jul2000 00:15:00,17Jul2000 00:00:00,327.6592712402344,7.682119369506836,10.953214645385742,23691.388730468752,574882624.0,164570.140625,,,,,,14,,,,
S1588,19996.388671875,0.5279523730278015,09Jul2000 00:15:00,17Jul2000 06:00:00,327.6592712402344,7.4297590255737305,9.019415855407715,22969.288574218834,557796992.0,138300.984375,,,,,,14,,,,
S1471,18645.853515625,0.4480583071708679,10Jul2000 00:15:00,17Jul2000 00:00:00,327.6592712402344,7.77620267868042,14.526890754699707,24819.313046875002,569270592.0,193535.234375,,,,,,14,,,,
S1476,16820.12890625,0.4098201394081116,10Jul2000 00:15:00,17Jul2000 00:00:00,327.6592712402344,12.950555801391602,36.02463912963867,23972.743789063028,558721600.0,246903.125,,,,,,14,,,,
S1485,18431.556640625,0.47833579778671265,10Jul2000 00:15:00,17Jul2000 00:00:00,327.6592712402344,10.43881893157959,30.376073837280273,22125.511914062514,558374720.0,168846.328125,,,,,,14,,,,
S1325,12428.025390625,0.41569754481315613,11Jul2000 00:15:00,16Jul2000 06:00:00,327.6592712402344,6.876725673675537,15.524463653564453,15163.498427734386,567662912.0,227239.140625,,,,,,14,,,,
S1590,22681.931640625,0.44373619556427,09Jul2000 00:15:00,17Jul2000 06:00:00,327.6592712402344,12.176033020019531,36.89997482299805,26319.424472656345,571419392.0,319124.96875,,,,,,14,,,,
S1443,22272.0625,0.46283474564552307,09Jul2000 00:15:00,17Jul2000 06:00:00,327.6592712402344,9.900871276855469,21.811647415161133,27123.60378906271,570995072.0,286748.5,,,,,,14,,,,
S1591,17258.177734375,0.46351152658462524,10Jul2000 00:15:00,16Jul2000 18:00:00,327.6592712402344,12.656907081604004,36.856563568115234,19678.051621093822,571448896.0,325864.03125,,,,,,14,,,,
S1582,17030.998046875,0.5078992247581482,10Jul2000 00:15:00,17Jul2000 00:00:00,327.6592712402344,5.546530723571777,10.598965644836426,20522.19507812528,559568896.0,152321.1875,,,,,,14,,,,
S1596,13460.5703125,0.4416000247001648,11Jul2000 00:15:00,16Jul2000 18:00:00,327.6592712402344,11.367380142211914,33.49605941772461,15226.41654296901,571281856.0,308727.0625,,,,,,14,,,,
S1592,16785.51171875,0.37017154693603516,10Jul2000 00:15:00,17Jul2000 00:00:00,327.6592712402344,12.609428405761719,40.860164642333984,26530.619257812505,567547136.0,248841.515625,,,,,,14,,,,
S1456,22046.578125,0.44675278663635254,09Jul2000 00:15:00,17Jul2000 06:00:00,327.6592712402344,13.12629508972168,16.5871524810791,28738.31333984377,595092032.0,269327.5625,,,,,,14,,,,
S1594,13067.556640625,0.3744853734970093,11Jul2000 00:15:00,16Jul2000 12:00:00,327.6592712402344,6.144913673400879,11.048050880432129,17813.90400390635,577998336.0,171626.9375,,,,,,14,,,,
S1334,12925.3876953125,0.45003777742385864,11Jul2000 00:15:00,16Jul2000 12:00:00,327.6592712402344,6.152471542358398,18.064800262451172,15234.70049804719,571029568.0,276615.1875,,,,,,14,,,,
S1600,22997.921875,0.41624915599823,09Jul2000 00:15:00,17Jul2000 12:00:00,327.6592712402344,9.368171691894531,23.25967025756836,30101.41320312506,575999936.0,308159.75,116.27095031738281,,,6.343853950500488,21.670000076293945,14,,,,
S1586,19973.93359375,0.5414955019950867,09Jul2000 00:15:00,17Jul2000 06:00:00,327.6592712402344,5.451669692993164,14.657456398010254,22092.931035156336,567211456.0,161371.203125,,,,,,14,,,,
S1595,20447.7734375,0.43219760060310364,09Jul2000 00:15:00,17Jul2000 12:00:00,327.6592712402344,15.593568801879883,41.12958526611328,26981.8825585938,567173056.0,263675.96875,51.24180221557617,,,11.285517692565918,21.670000076293945,14,,,,
S1483,17501.1328125,0.4927766025066376,10Jul2000 00:15:00,17Jul2000 06:00:00,327.6592712402344,10.217283248901367,36.79475021362305,20327.47080078131,567943104.0,174142.59375,,,,,,14,,,,
S1605,22478.794921875,0.4304741621017456,09Jul2000 00:15:00,17Jul2000 12:00:00,327.6592712402344,13.535917282104492,41.3307991027832,28190.94197265626,605842240.0,301843.3125,185.5244140625,,,10.487448692321777,21.670000076293945,14,,,,
S1583,18533.458984375,0.45900440216064453,10Jul2000 00:15:00,17Jul2000 06:00:00,327.6592712402344,8.068000793457031,13.050119400024414,23285.58548828128,565995712.0,197994.546875,,,,,,14,,,,
S1581,17456.66796875,0.4053487777709961,10Jul2000 00:15:00,17Jul2000 06:00:00,327.6592712402344,7.835181713104248,18.423288345336914,25531.54185546884,570177152.0,209290.1875,,,,,,14,,,,
S1487,16935.900390625,0.36895158886909485,10Jul2000 00:15:00,17Jul2000 00:00:00,327.6592712402344,17.36017608642578,46.27006912231445,26833.589902343792,565404416.0,234788.0,,,,,,14,,,,
S1607,17910.111328125,0.39716771245002747,10Jul2000 00:15:00,17Jul2000 00:00:00,327.6592712402344,6.301321506500244,12.904875755310059,26751.184765625105,581129472.0,186245.53125,,,,,,14,,,,
S1609,14619.40625,0.37182536721229553,11Jul2000 00:15:00,16Jul2000 18:00:00,327.6592712402344,10.806365966796875,15.59714412689209,21786.86490234384,583083072.0,246715.4375,,,,,,14,,,,
S1488,21162.94921875,0.4055774211883545,09Jul2000 00:15:00,17Jul2000 12:00:00,327.6592712402344,16.5459041595459,41.41694641113281,29827.383847656307,568012160.0,285968.59375,86.88239288330078,,,9.697357177734375,21.670000076293945,14,,,,
S1617,19478.744140625,0.4591098725795746,10Jul2000 00:15:00,17Jul2000 00:00:00,327.6592712402344,13.533272743225098,24.059085845947266,24004.166503906505,590433856.0,283050.9375,,,,,,14,,,,
S1601,16425.70703125,0.3832094967365265,10Jul2000 00:15:00,16Jul2000 18:00:00,327.6592712402344,17.31585121154785,46.18397903442383,24516.619589843864,570436224.0,241069.71875,,,,,,14,,,,
S1621,24689.033203125,0.58150714635849,10Jul2000 00:15:00,17Jul2000 00:00:00,327.6592712402344,7.958709716796875,23.366819381713867,24008.722617187545,589794944.0,297414.59375,,,,,,14,,,,
S1624,20345.822265625,0.4681951403617859,10Jul2000 00:15:00,17Jul2000 00:00:00,327.6592712402344,10.047203063964844,22.6779842376709,24782.54558593778,583140416.0,233589.265625,,,,,,14,,,,
S1626,17048.228515625,0.3967486023902893,10Jul2000 00:15:00,17Jul2000 00:00:00,327.6592712402344,7.575547218322754,12.969791412353516,25617.55771484391,575478016.0,203858.953125,,,,,,14,,,,
S1620,20632.962890625,0.45660555362701416,09Jul2000 00:15:00,17Jul2000 12:00:00,327.6592712402344,14.65257453918457,39.34880447387695,26395.57318359386,565649088.0,259745.0625,42.849124908447266,,,8.986263275146484,21.670000076293945,14,,,,
S1625,13144.177734375,0.4413265883922577,11Jul2000 00:15:00,16Jul2000 12:00:00,327.6592712402344,14.160126686096191,38.37425994873047,15503.663378906276,562183232.0,234304.703125,,,,,,14,,,,
S1599,21643.5234375,0.4822094440460205,09Jul2000 00:15:00,17Jul2000 12:00:00,327.6592712402344,12.284699440002441,35.229774475097656,25527.1173632816,567593088.0,320860.25,133.25387573242188,,,8.02291488647461,21.670000076293945,14,,,,
S1486,18554.283203125,0.40718743205070496,10Jul2000 00:15:00,17Jul2000 00:00:00,327.6592712402344,13.60187816619873,39.93515396118164,24720.183769531468,585931776.0,255065.515625,,,,,,14,,,,
S1593,17767.150390625,0.44714832305908203,10Jul2000 00:15:00,17Jul2000 00:00:00,327.6592712402344,14.084985733032227,41.061283111572266,21549.94339843754,568758656.0,304369.90625,,,,,,14,,,,
S1597,23028.111328125,0.41274136304855347,09Jul2000 00:15:00,17Jul2000 06:00:00,327.6592712402344,21.12449836730957,32.20465850830078,30749.757148437653,588268672.0,339837.90625,,,,,,14,,,,
S1603,8430.8271484375,0.4081283211708069,12Jul2000 06:15:00,16Jul2000 00:00:00,327.6592712402344,10.888033866882324,30.695117950439453,8836.927734375004,561849536.0,256793.75,,,,,,14,,,,
S1612,9182.888671875,0.3850990831851959,12Jul2000 00:15:00,16Jul2000 00:00:00,327.6592712402344,8.479562759399414,10.906503677368164,9869.847431640675,561630656.0,161890.34375,,,,,,14,,,,
S1589,21552.109375,0.4949306845664978,09Jul2000 00:15:00,17Jul2000 12:00:00,327.6592712402344,7.843839645385742,12.364039421081543,26064.51673828133,560027392.0,197050.0625,103.35721588134766,,,4.357939720153809,21.670000076293945,14,,,,
S1608,17965.662109375,0.3891560137271881,10Jul2000 00:15:00,17Jul2000 00:00:00,327.6592712402344,10.331160545349121,37.12458801269531,25922.737402344123,594477888.0,280744.09375,,,,,,14,,,,
S1606,19176.2421875,0.4449433386325836,10Jul2000 00:15:00,16Jul2000 18:00:00,327.6592712402344,13.643710136413574,37.887351989746094,23144.245097656538,597653184.0,279991.40625,,,,,,14,,,,
S1584,21613.55859375,0.5056620240211487,09Jul2000 00:15:00,17Jul2000 12:00:00,327.6592712402344,5.758840560913086,10.491072654724121,24179.63244140632,574815424.0,157427.890625,88.55155944824219,,,4.056252479553223,21.670000076293945,14,,,,
S1598,19778.302734375,0.42437267303466797,10Jul2000 00:15:00,17Jul2000 06:00:00,327.6592712402344,18.07965850830078,35.41440200805664,24992.629003906357,581491136.0,324670.4375,,,,,,14,,,,
S1630,21079.30859375,0.4932171106338501,10Jul2000 00:15:00,17Jul2000 00:00:00,327.6592712402344,11.356674194335938,35.54829788208008,24293.62794921889,576507392.0,305246.65625,,,,,,14,,,,
S1629,22008.998046875,0.44645583629608154,09Jul2000 00:15:00,17Jul2000 06:00:00,327.6592712402344,10.43171501159668,33.33283233642578,28557.127363281554,571865536.0,304385.875,,,,,,14,,,,
S1633,16523.544921875,0.418036550283432,10Jul2000 00:15:00,16Jul2000 18:00:00,327.6592712402344,10.42593002319336,33.341033935546875,21804.193593750108,571865536.0,297501.78125,,,,,,14,,,,
S1602,10679.306640625,0.41265401244163513,12Jul2000 00:15:00,16Jul2000 06:00:00,327.6592712402344,10.06653118133545,26.10247802734375,11685.491044921975,559989248.0,272988.8125,,,,,,14,,,,
S1639,18014.126953125,0.45246338844299316,10Jul2000 00:15:00,17Jul2000 00:00:00,327.6592712402344,9.193385124206543,33.3411750793457,22288.350371093788,567931136.0,215862.796875,,,,,,14,,,,
S1604,16856.580078125,0.4944717586040497,10Jul2000 00:15:00,17Jul2000 00:00:00,327.6592712402344,5.84752893447876,13.826687812805176,20078.187011718783,575856832.0,178510.640625,,,,,,14,,,,
S1611,16904.259765625,0.4242244362831116,10Jul2000 00:15:00,17Jul2000 00:00:00,327.6592712402344,10.829279899597168,31.736644744873047,22367.28761718787,570751872.0,303902.125,,,,,,14,,,,
S1636,9127.482421875,0.4189761281013489,12Jul2000 00:15:00,16Jul2000 00:00:00,327.6592712402344,9.374494552612305,33.37359619140625,9178.046718750044,569567744.0,220444.390625,,,,,,14,,,,
S1641,21143.701171875,0.5337289571762085,09Jul2000 00:15:00,17Jul2000 12:00:00,327.6592712402344,7.521198272705078,10.206575393676758,23870.583378906347,557798464.0,141468.046875,140.82711791992188,,,3.866846799850464,21.670000076293945,14,,,,
S1614,28109.734375,0.5887477397918701,09Jul2000 00:15:00,17Jul2000 06:00:00,327.6592712402344,9.627225875854492,14.91163444519043,27792.374062500065,600167296.0,228488.5625,,,,,,14,,,,
S1616,20725.51953125,0.39664769172668457,10Jul2000 00:15:00,16Jul2000 18:00:00,327.6592712402344,13.011539459228516,38.962398529052734,27926.58478515644,605579072.0,236856.953125,,,,,,14,,,,
S1610,18596.330078125,0.4239685535430908,10Jul2000 00:15:00,17Jul2000 06:00:00,327.6592712402344,9.92038345336914,18.208423614501953,25514.41878906262,581941696.0,171810.375,,,,,,14,,,,
S1619,16153.8017578125,0.3545200228691101,10Jul2000 00:15:00,16Jul2000 18:00:00,327.6592712402344,13.269946098327637,41.00046920776367,25776.29990234385,573150400.0,310729.84375,,,,,,14,,,,
S1628,16852.689453125,0.548663318157196,10Jul2000 00:15:00,17Jul2000 00:00:00,327.6592712402344,5.627837181091309,9.045927047729492,18261.85292968754,570406912.0,132661.59375,,,,,,14,,,,
S1615,22418.283203125,0.42895811796188354,09Jul2000 00:15:00,17Jul2000 06:00:00,327.6592712402344,9.006589889526367,33.08817672729492,30293.22982421889,575847168.0,243309.578125,,,,,,14,,,,
S1644,8195.9560546875,0.40799400210380554,12Jul2000 09:15:00,16Jul2000 00:00:00,327.6592712402344,5.752069473266602,14.28819465637207,7743.264414062548,573954368.0,214748.046875,,,,,,14,,,,
S1477,29192.998046875,0.5965374708175659,09Jul2000 00:15:00,17Jul2000 12:00:00,327.6592712402344,9.42721176147461,18.002029418945312,27733.606464844037,587979520.0,258874.03125,209.8762969970703,,,6.174614429473877,21.670000076293945,14,,,,
S1627,13931.583984375,0.43060874938964844,11Jul2000 00:15:00,16Jul2000 18:00:00,327.6592712402344,9.252214431762695,30.02340316772461,17410.76378906256,571110464.0,237687.34375,,,,,,14,,,,
S1623,21912.76171875,0.4942018687725067,09Jul2000 00:15:00,17Jul2000 06:00:00,327.6592712402344,10.317953109741211,36.16645050048828,25487.735332031272,572687360.0,282828.5625,,,,,,14,,,,
S1613,19854.158203125,0.5050761699676514,10Jul2000 00:15:00,17Jul2000 00:00:00,327.6592712402344,11.301533699035645,26.40611457824707,22917.638144531367,571705792.0,248868.90625,,,,,,14,,,,
S1622,26976.15234375,0.46503153443336487,09Jul2000 00:15:00,17Jul2000 12:00:00,327.6592712402344,6.748758316040039,13.43293285369873,32991.22074218765,589976064.0,219279.0,157.34616088867188,,,5.7684783935546875,21.670000076293945,14,,,,
S1638,23552.091796875,0.4640783965587616,09Jul2000 00:15:00,17Jul2000 12:00:00,327.6592712402344,8.967392921447754,13.030091285705566,29302.20859375009,564618752.0,183666.5,180.8413543701172,,,5.132407188415527,21.670000076293945,14,,,,
S1637,17482.2109375,0.46840810775756836,10Jul2000 00:15:00,17Jul2000 00:00:00,327.6592712402344,12.510316848754883,43.3144645690918,21854.32640625019,564217920.0,200242.359375,,,,,,14,,,,
S1635,16378.6640625,0.4546263813972473,10Jul2000 00:15:00,16Jul2000 18:00:00,327.6592712402344,11.379598617553711,36.41259765625,20143.320390625013,560326208.0,201302.59375,,,,,,14,,,,
S1642,13378.7392578125,0.4668821096420288,11Jul2000 00:15:00,16Jul2000 12:00:00,327.6592712402344,5.858428955078125,11.739112854003906,15316.487929687552,575856704.0,127350.9609375,,,,,,14,,,,
S1618,12316.103515625,0.46233001351356506,11Jul2000 04:15:00,16Jul2000 06:00:00,327.6592712402344,5.759850025177002,14.394731521606445,12223.240273437546,574327168.0,136625.234375,,,,,,14,,,,
S1634,20502.474609375,0.43008601665496826,09Jul2000 00:15:00,17Jul2000 06:00:00,327.6592712402344,8.14664363861084,10.943633079528809,28780.73851562542,557823936.0,171897.875,,,,,,14,,,,
S1632,18341.6328125,0.4283803701400757,10Jul2000 00:15:00,17Jul2000 00:00:00,327.6592712402344,9.826138496398926,35.99850845336914,24879.62271484383,571691520.0,285751.40625,,,,,,14,,,,
S1640,16648.708984375,0.40993890166282654,10Jul2000 00:15:00,16Jul2000 18:00:00,327.6592712402344,6.427783489227295,10.714086532592773,24391.559511718824,565945664.0,164304.90625,,,,,,14,,,,
S1631,25205.22265625,0.46259137988090515,09Jul2000 00:15:00,17Jul2000 12:00:00,327.6592712402344,9.077669143676758,34.45932388305664,30191.729316406323,585962944.0,231342.25,131.25794982910156,,,7.970276832580566,21.670000076293945,14,,,,
S1643,17762.38671875,0.4975794553756714,10Jul2000 00:15:00,17Jul2000 06:00:00,327.6592712402344,5.718896865844727,11.506941795349121,21401.599277343925,568847360.0,163656.5625,,,,,,14,,,,
